als-auslander-in-der-schweiz-arbeiten|Working in Switzerland as a foreign national|Робота у Швейцарії для іноземців|Работа в Швейцарии для иностранцев
arbeitsunfahigkeit|Unable to work because of illness|Непрацездатність через хворобу|Нетрудоспособность из-за болезни
arbeitsvertrag|Employment contract|Трудовий договір|Трудовой договор
arbeitszeugnis|Employment reference|Характеристика з роботи|Характеристика с работы
eine-stelle-finden|Find a job|Пошук роботи|Поиск работы
kundigung-arbeitsvertrag|End an employment contract|Розірвання трудового договору|Расторжение трудового договора
lohnausweis|Salary certificate|Довідка про заробітну плату|Справка о заработной плате
mindestlohne-und-medianlohn|Minimum and median wages|Мінімальна та медіанна зарплата|Минимальная и медианная зарплата
probezeit|Employment probation period|Випробувальний термін на роботі|Испытательный срок на работе
probleme-am-arbeitsplatz|Problems at work|Проблеми на роботі|Проблемы на работе
selbstandigerwerbende|Self-employment|Самозайнятість|Самозанятость
unfallversicherung|Accident insurance|Страхування від нещасних випадків|Страхование от несчастных случаев
einburgerung|Naturalisation|Натуралізація|Натурализация
ahv-ausweis|AHV insurance certificate|Страхове свідоцтво AHV|Страховое свидетельство AHV
aufenthaltsbewilligungen|Residence permits|Дозволи на проживання|Разрешения на проживание
betreibungsregisterauszug|Debt enforcement register extract|Витяг з реєстру стягнення боргів|Выписка из реестра взыскания долгов
erbschein|Certificate of inheritance|Свідоцтво про спадщину|Свидетельство о наследстве
fahrzeugausweis|Vehicle registration document|Свідоцтво про реєстрацію автомобіля|Свидетельство о регистрации автомобиля
jagd|Hunting permits and rules|Полювання: дозволи та правила|Охота: разрешения и правила
patientenverfugung|Advance healthcare directive|Попередні розпорядження щодо лікування|Предварительные распоряжения о лечении
strafregisterauszug|Criminal record extract|Витяг про судимість|Выписка о судимости
zivilstandsdokumente|Civil status documents|Документи цивільного стану|Документы гражданского состояния
familiennachzug|Family reunification|Возз’єднання сім’ї|Воссоединение семьи
elektronisches-patientendossier|Electronic patient record|Електронна медична картка|Электронная медицинская карта
impfungen|Vaccinations|Щеплення|Прививки
zecken|Tick bites and prevention|Укуси кліщів та профілактика|Укусы клещей и профилактика
pensionierung-ab-wann|When retirement begins|Коли починається вихід на пенсію|Когда начинается выход на пенсию
rente-berechnen|Estimate your pension|Розрахунок пенсії|Расчёт пенсии
ruhestand-im-ausland|Retirement abroad|Пенсія за кордоном|Пенсия за границей
lehre-und-matura|Apprenticeship and upper secondary education|Учнівство та старша середня освіта|Ученичество и старшее среднее образование
weiterbildung-fur-erwachsene|Continuing education for adults|Подальша освіта для дорослих|Дополнительное образование для взрослых
anzeige-erstatten|Report an offence to the police|Повідомлення поліції про правопорушення|Заявление в полицию о правонарушении
behordenadressen|Find an official authority|Пошук державного органу|Поиск государственного органа
drohnen|Drone rules|Правила використання дронів|Правила использования дронов
gefahren-im-internet|Online fraud and internet risks|Інтернет-шахрайство та ризики|Интернет-мошенничество и риски
gefahren-und-notfalle|Emergencies and hazards|Надзвичайні ситуації та небезпеки|Чрезвычайные ситуации и опасности
waffen-besitzen-in-der-schweiz|Weapon possession rules|Правила володіння зброєю|Правила владения оружием
waren-zuruckgeben-oder-umtauschen|Return or exchange goods|Повернення або обмін товарів|Возврат или обмен товаров
zivilschutz|Civil protection|Цивільний захист|Гражданская защита
steuererklarung|Tax return|Податкова декларація|Налоговая декларация
steuern-zahlen|Pay taxes|Сплата податків|Уплата налогов
arbeitslosenversicherung|Unemployment insurance|Страхування на випадок безробіття|Страхование на случай безработицы
invalidenversicherung|Disability insurance|Страхування інвалідності|Страхование инвалидности
privathaftpflichtversicherung|Private liability insurance|Страхування особистої цивільної відповідальності|Страхование личной гражданской ответственности
einkaufstourismus|Shopping abroad and bringing goods home|Покупки за кордоном та ввезення товарів|Покупки за границей и ввоз товаров
heikle-waren-bei-der-einfuhr-in-die-schweiz|Restricted imports|Обмеження ввезення товарів|Ограничения ввоза товаров
umzug-in-die-schweiz|Moving to Switzerland|Переїзд до Швейцарії|Переезд в Швейцарию
waren-im-ausland-bestellen|Order goods from abroad|Замовлення товарів з-за кордону|Заказ товаров из-за границы
2-saule--pensionskasse-|Occupational pension fund|Професійний пенсійний фонд|Профессиональный пенсионный фонд
3-saule--private-vorsorge-|Private third-pillar pension|Приватні пенсійні накопичення третього рівня|Частные пенсионные накопления третьего уровня
wie-funktioniert-die-altersvorsorge|How the pension system works|Як працює пенсійна система|Как работает пенсионная система
ferien--feiertage-und-arbeitsabwesenheiten|Annual leave, public holidays and absence|Відпустки, свята та відсутність на роботі|Отпуска, праздники и отсутствие на работе
kurzarbeit|Short-time working|Скорочений робочий час|Сокращённое рабочее время
ruhezeiten-und-arbeitspausen|Rest periods and work breaks|Відпочинок та перерви на роботі|Отдых и перерывы на работе
sonntags-und-nachtarbeit|Sunday and night work|Нічна робота та робота в неділю|Ночная работа и работа в воскресенье
uberstunden-und-uberzeit|Overtime|Понаднормова робота|Сверхурочная работа
adoptionsurlaub|Adoption leave|Відпустка у зв’язку з усиновленням|Отпуск в связи с усыновлением
familienzulagen|Family allowances|Сімейні виплати|Семейные выплаты
kinderbetreuung|Childcare|Догляд за дітьми|Уход за детьми
mutterschaftsurlaub|Maternity leave|Відпустка у зв’язку з материнством|Отпуск в связи с материнством
schwangerschaft-und-arbeit|Pregnancy and employment|Вагітність і робота|Беременность и работа
vaterschaftsurlaub-bzw-urlaub-des-anderen-elternteils|Leave for the other parent|Відпустка для іншого з батьків|Отпуск для другого родителя
asyl|Asylum application|Заява про притулок|Заявление об убежище
aufenthalt-in-der-schweiz-ohne-arbeit|Living in Switzerland without employment|Проживання у Швейцарії без роботи|Проживание в Швейцарии без работы
aufenthaltsbewilligung|Apply for a residence permit|Оформлення дозволу на проживання|Оформление разрешения на проживание
reisedokumente|Travel documents for entry|Документи для в’їзду|Документы для въезда
visa|Visa requirements|Візові вимоги|Визовые требования
immobilienerwerb|Buying property as a foreign national|Купівля нерухомості іноземцем|Покупка недвижимости иностранцем
krankenkasse-abschliessen|Take out health insurance|Оформлення медичного страхування|Оформление медицинского страхования
quellensteuer|Tax deducted at source|Податок, утримуваний із зарплати|Налог, удерживаемый из зарплаты
fuhrerausweis-umtauschen|Exchange a foreign driving licence|Обмін іноземного посвідчення водія|Обмен иностранного водительского удостоверения
internationaler-fuhrerausweis|International driving permit|Міжнародне посвідчення водія|Международное водительское удостоверение
pass-oder-identitatskarte-bestellen|Order a Swiss passport or identity card|Оформлення швейцарського паспорта або посвідчення особи|Оформление швейцарского паспорта или удостоверения личности
pass-oder-identitatskarte-verloren-oder-gestohlen|Lost or stolen passport or identity card|Втрата або крадіжка паспорта чи посвідчення особи|Утрата или кража паспорта или удостоверения личности
autobahnvignette|Motorway vignette|Автомагістральна віньєтка|Автомагистральная виньетка
fahrzeug-einlosen|Register a vehicle|Реєстрація автомобіля|Регистрация автомобиля
fahrzeugausweis-verloren|Lost vehicle registration document|Втрата свідоцтва про реєстрацію автомобіля|Утрата свидетельства о регистрации автомобиля
fahrzeugprufung|Vehicle inspection|Технічний огляд автомобіля|Технический осмотр автомобиля
velofahren-in-der-schweiz|Cycling in Switzerland|Велосипедний рух у Швейцарії|Велосипедное движение в Швейцарии
autofahren-lernen|Learn to drive|Навчання водінню|Обучение вождению
sicherung-von-kindern-in-autos|Child safety in cars|Безпека дітей в автомобілі|Безопасность детей в автомобиле
adoption|Adoption procedure|Процедура усиновлення|Процедура усыновления
leibliche-eltern--kinder-oder-geschwister-suchen|Find birth relatives|Пошук біологічних родичів|Поиск биологических родственников
erbe-ausschlagen|Decline an inheritance|Відмова від спадщини|Отказ от наследства
erbschaftssteuer|Inheritance tax|Податок на спадщину|Налог на наследство
schenkungssteuer|Gift tax|Податок на дарування|Налог на дарение
testament-und-erbvertrag|Will and inheritance agreement|Заповіт та спадковий договір|Завещание и наследственный договор
wer-wie-viel-erbt|Inheritance shares|Частки у спадщині|Доли в наследстве
heiraten|Getting married|Укладення шлюбу|Заключение брака
konkubinat|Living together without marriage|Спільне проживання без шлюбу|Совместное проживание без брака
wirtschaftliche-folgen-der-ehe-guterstand|Matrimonial property arrangements|Майновий режим подружжя|Имущественный режим супругов
ein-kind-anerkennen|Acknowledge parenthood|Визнання батьківства|Признание отцовства
eine-vaterschaft-anfechten|Challenge paternity|Оспорювання батьківства|Оспаривание отцовства
folgen-einer-scheidung|Consequences of divorce|Наслідки розлучення|Последствия развода
scheidungsverfahren|Divorce procedure|Процедура розлучення|Процедура развода
todesfall-checkliste|Steps after a death|Дії після смерті близького|Действия после смерти близкого
wittwenrente|Survivor pension|Пенсія у разі втрати годувальника|Пенсия по потере кормильца
kosten-fur-krankenkasse|Health insurance costs|Вартість медичного страхування|Стоимость медицинского страхования
krankenkasse-abschliessen--wechseln-oder-kundigen|Take out, change or cancel health insurance|Оформлення, зміна або розірвання медичного страхування|Оформление, смена или расторжение медицинского страхования
leistungen-der-krankenkasse|Health insurance coverage|Покриття медичного страхування|Покрытие медицинского страхования
cannabis|Cannabis rules|Правила щодо канабісу|Правила в отношении каннабиса
aus-der-schweiz-auswandern|Leave Switzerland permanently|Виїзд зі Швейцарії на постійне проживання|Выезд из Швейцарии на постоянное проживание
befristeter-auslandaufenthalt|Temporary stay abroad|Тимчасове перебування за кордоном|Временное пребывание за границей
im-ausland-arbeiten|Work abroad|Робота за кордоном|Работа за границей
ruckkehr-in-die-schweiz|Return to Switzerland|Повернення до Швейцарії|Возвращение в Швейцарию
anerkennung-auslandischer-diplome-und-abitur|Recognition of foreign qualifications|Визнання іноземних дипломів|Признание иностранных дипломов
stipendien-und-ausbildungsdarlehen|Study grants and education loans|Стипендії та освітні позики|Стипендии и образовательные займы
studieren-in-der-schweiz|Study in Switzerland|Навчання у Швейцарії|Учёба в Швейцарии
berufsberatung|Career guidance|Професійна орієнтація|Профессиональная ориентация
schule-und-kindergarten|School and kindergarten|Школа та дитячий садок|Школа и детский сад
militardienst|Military service|Військова служба|Военная служба
wehrpflichtersatzabgabe|Military service exemption tax|Збір за звільнення від військової служби|Сбор за освобождение от военной службы
zivildienst|Civilian service|Альтернативна цивільна служба|Альтернативная гражданская служба
fundgegenstande|Lost and found property|Загублені та знайдені речі|Потерянные и найденные вещи
betreibungen|Debt enforcement proceedings|Процедура стягнення боргів|Процедура взыскания долгов
schulden-und-privatkonkurs|Debt and personal insolvency|Борги та особисте банкрутство|Долги и личное банкротство
hundesteuer|Dog tax|Податок на собаку|Налог на собаку
immobiliensteuer|Property taxes|Податки на нерухомість|Налоги на недвижимость
mehrwertsteuer|Value added tax|Податок на додану вартість|Налог на добавленную стоимость
verrechnungssteuer|Withholding tax on investment income|Утримуваний податок на інвестиційний дохід|Удерживаемый налог на инвестиционный доход
larm--mangel--mietzins|Rental noise, defects and rent|Шум, дефекти житла та орендна плата|Шум, дефекты жилья и арендная плата
mietvertrag-und-pachtvertrag|Rental and lease agreements|Договори оренди|Договоры аренды
checkliste-fur-den-umzug|Moving checklist|Перелік дій при переїзді|Список действий при переезде
besteuerung-von-immobilien|Taxation of real estate|Оподаткування нерухомості|Налогообложение недвижимости
haus-oder-wohnung-verkaufen|Sell a house or apartment|Продаж будинку або квартири|Продажа дома или квартиры
ahv-beitrage|AHV contributions|Внески AHV|Взносы AHV
ahv-nummer|AHV number|Номер AHV|Номер AHV
alkohol-am-steuer|Alcohol and driving|Алкоголь за кермом|Алкоголь за рулём
geschwindigkeitsuberschreitung|Speeding penalties|Штрафи за перевищення швидкості|Штрафы за превышение скорости
winterbereifung|Winter tyres|Зимові шини|Зимние шины
elterliche-sorge-nicht-verheiratete-eltern|Parental responsibility for unmarried parents|Батьківські права неодружених батьків|Родительские права родителей вне брака
geburt-meines-kindes-anmelden|Register a birth|Реєстрація народження|Регистрация рождения
medizinisch-unterstutzte-fortpflanzung|Medically assisted reproduction|Медична допомога при репродукції|Медицинская помощь при репродукции
schwangerschaft--stillzeit-und-arbeit|Pregnancy, breastfeeding and work|Вагітність, грудне вигодовування та робота|Беременность, грудное вскармливание и работа
checkliste-haus-und-wohnungskauf|Home purchase checklist|Перелік дій при купівлі житла|Список действий при покупке жилья
infos-uber-bauland-und-grundstuck|Building land and property information|Інформація про землю для забудови|Информация о земле для строительства
kaufvertrag-fur-wohneigentum|Home purchase contract|Договір купівлі житла|Договор покупки жилья
wohneigentum-finanzieren|Finance a home|Фінансування купівлі житла|Финансирование покупки жилья
wohneigentumsformen|Forms of home ownership|Форми власності на житло|Формы собственности на жильё
zweit-oder-ferienwohnung-kaufen|Buy a second or holiday home|Купівля другого або відпочинкового житла|Покупка второго или отпускного жилья
