beitraege_der_arbeitgeber.php|AHV contributions for employers|Внески AHV для роботодавців|Взносы AHV для работодателей
beitraege_der_nichterwerbstaetigen.php|AHV contributions without employment|Внески AHV без працевлаштування|Взносы AHV без трудоустройства
beitraege_der_selbstaendigerwerbenden.php|AHV contributions for self-employed people|Внески AHV для самозайнятих|Взносы AHV для самозанятых
beitraege_der_selbstzahlenden.php|AHV with an employer abroad|AHV з роботодавцем за кордоном|AHV с работодателем за границей
internationale_bestimmungen.php|International social insurance contribution rules|Міжнародні правила страхових внесків|Международные правила страховых взносов
individuelles_konto.php|Order and check your AHV account extract|Замовлення та перевірка витягу рахунку AHV|Заказ и проверка выписки счёта AHV
versicherungsausweis.php|AHV insurance certificate|Страхове свідоцтво AHV|Страховое свидетельство AHV
altersrente.php|Apply for an old-age pension|Оформлення пенсії за віком|Оформление пенсии по возрасту
altersrente13.php|Thirteenth old-age pension payment|Тринадцята пенсійна виплата|Тринадцатая пенсионная выплата
hinterlassenenrente.php|Apply for a survivor pension|Оформлення пенсії у разі втрати годувальника|Оформление пенсии по потере кормильца
hilflosenentschaedigung_und_hilfsmittel.php|AHV assistance allowance and aids|Допомога AHV при потребі в догляді та допоміжні засоби|Помощь AHV при потребности в уходе и вспомогательные средства
personen_mit_auslaendischen_versicherungszeiten.php|Pension insurance periods abroad|Пенсійний страховий стаж за кордоном|Пенсионный страховой стаж за границей
auszahlungstermine.php|Social insurance payment dates|Дати страхових виплат|Даты страховых выплат
berufliche_integration.php|IV professional integration|Професійна інтеграція IV|Профессиональная интеграция IV
frueherfassung.php|IV early assessment|Раннє виявлення потреби в IV|Раннее выявление потребности в IV
fruehintervention.php|IV early intervention|Рання допомога IV|Ранняя помощь IV
integrationsmassnahmen.php|IV integration measures|Інтеграційні заходи IV|Интеграционные меры IV
berufsberatung.php|IV career counselling|Професійне консультування IV|Профессиональное консультирование IV
erstmalige-berufliche-ausbildung.php|IV first vocational education|Первинне професійне навчання IV|Первичное профессиональное обучение IV
umschulung.php|IV retraining|Перекваліфікація IV|Переквалификация IV
arbeitsvermittlung.php|IV job placement|Допомога IV у працевлаштуванні|Помощь IV в трудоустройстве
rework.php|reWork professional reintegration|Повернення до роботи reWork|Возвращение к работе reWork
iv-rente.php|Apply for a disability pension|Оформлення пенсії з інвалідності|Оформление пенсии по инвалидности
hilflosenentschaedigung.php|IV assistance allowance|Виплата IV при потребі в сторонній допомозі|Выплата IV при потребности в посторонней помощи
assistenzbeitrag.php|IV personal assistance contribution|Виплата IV на особистого помічника|Выплата IV на личного помощника
hilfsmittel.php|IV assistive devices|Допоміжні засоби IV|Вспомогательные средства IV
medizinische_massnahmen.php|IV medical measures|Медичні заходи IV|Медицинские меры IV
iv-ausweis|Disability insurance certificate|Посвідчення страхування інвалідності|Удостоверение страхования инвалидности
jaehrliche_ergaenzungsleistungen|Annual supplementary benefits|Щорічні додаткові виплати|Ежегодные дополнительные выплаты
krankheitskosten|Supplementary reimbursement of illness costs|Додаткове відшкодування витрат через хворобу|Дополнительное возмещение расходов из-за болезни
1_familienzulagen_arbeitnehmende.php|Family allowances for employees|Сімейні виплати працівникам|Семейные выплаты работникам
3_familienzulagen_nichterwerbstaetige.php|Family allowances without employment|Сімейні виплати без працевлаштування|Семейные выплаты без трудоустройства
4_familienzulagen_landwirtschaft.php|Agricultural family allowances|Сімейні виплати в сільському господарстві|Семейные выплаты в сельском хозяйстве
erwerbsersatz.php|Compensation for service-related loss of earnings|Компенсація втрати заробітку через службу|Компенсация утраты заработка из-за службы
mse|Maternity compensation|Виплата у зв’язку з материнством|Выплата в связи с материнством
vse|Compensation for the other parent|Виплата іншому з батьків|Выплата другому родителю
bue|Compensation for caring for a seriously ill child|Компенсація догляду за тяжко хворою дитиною|Компенсация ухода за тяжело больным ребёнком
adope|Adoption compensation|Виплата при усиновленні|Выплата при усыновлении
ipv|Health insurance premium reduction|Зменшення внесків медичного страхування|Снижение взносов медицинского страхования
co2-rueckverteilung.php|CO2 levy redistribution|Перерозподіл збору CO2|Перераспределение сбора CO2
ausweiskarte-fuer-reisende-mit-einer-behinderung.php|Travel certificate for people with disabilities|Проїзне посвідчення для людей з інвалідністю|Проездное удостоверение для людей с инвалидностью
ueberbrueckungsleistungen|Transitional benefits for older unemployed people|Перехідні виплати літнім безробітним|Переходные выплаты пожилым безработным
sva-kontaktformular-allgemein.php|Contact SVA customer service|Звернення до служби підтримки SVA|Обращение в службу поддержки SVA
ak-ipv-anmeldung.php|Apply online for health insurance premium reduction|Онлайн-заява на зменшення страхових внесків|Онлайн-заявление на снижение страховых взносов
