domain	slug	en	de	ru	uk
housing	find-rental	Find a rental home	Mietwohnung finden	Поиск съёмного жилья	Пошук орендованого житла
housing	rental-deposit	Rental deposit	Mietkaution	Залог за аренду	Застава за оренду
housing	rental-dispute	Rental dispute conciliation	Mietschlichtung	Примирение по спорам аренды	Примирення у спорах оренди
housing	mould	Mould in housing	Schimmel in der Wohnung	Плесень в квартире	Пліснява у квартирі
housing	moving-notification	Notify a change of address	Adressänderung melden	Сообщить о смене адреса	Повідомити про зміну адреси
housing	emergency-accommodation	Emergency accommodation	Notunterkunft	Экстренное размещение	Екстрене розміщення
housing	tenant-advice	Tenant advice	Mieterberatung	Консультация арендаторам	Консультація орендарям
housing	heating-repair	Heating repair	Heizungsreparatur	Ремонт отопления	Ремонт опалення
housing	water-leak	Water leak repair	Wasserleck reparieren	Устранение протечки воды	Усунення витоку води
housing	energy-audit	Home energy advice	Energieberatung Wohnen	Энергоконсультация для жилья	Енергоконсультація для житла
work	career-guidance	Career guidance	Berufsberatung	Профориентация	Профорієнтація
work	career-change	Career change advice	Berufliche Neuorientierung	Смена профессии	Зміна професії
work	apprenticeship-search	Find an apprenticeship	Lehrstelle finden	Поиск места ученичества	Пошук місця учнівства
work	qualification-recognition	Qualification recognition	Diplomanerkennung	Признание диплома	Визнання диплома
work	employment-dispute	Employment dispute conciliation	Arbeitsschlichtung	Примирение по трудовым спорам	Примирення у трудових спорах
work	unemployment-registration	Unemployment registration	Arbeitslosmeldung	Регистрация безработицы	Реєстрація безробіття
work	job-application-help	Job application help	Bewerbungshilfe	Помощь с заявкой на работу	Допомога із заявкою на роботу
work	workplace-harassment	Workplace harassment help	Hilfe bei Mobbing am Arbeitsplatz	Помощь при травле на работе	Допомога при цькуванні на роботі
work	salary-arrears	Unpaid salary assistance	Hilfe bei ausstehendem Lohn	Помощь при невыплате зарплаты	Допомога при невиплаті зарплати
work	return-to-work	Return to work support	Beruflicher Wiedereinstieg	Возвращение к работе	Повернення до роботи
finance	tax-return	Tax return help	Steuererklärung Hilfe	Помощь с налоговой декларацией	Допомога з податковою декларацією
finance	tax-deadline	Tax deadline extension	Steuerfristverlängerung	Продление срока налоговой декларации	Продовження строку податкової декларації
finance	withholding-tax	Withholding tax information	Quellensteuer Information	Информация о налоге у источника	Інформація про податок у джерела
finance	debt-advice	Debt counselling	Schuldenberatung	Консультация по долгам	Консультація щодо боргів
finance	budget-advice	Budget counselling	Budgetberatung	Консультация по бюджету	Консультація щодо бюджету
finance	insurance-premium-subsidy	Health insurance premium subsidy	Prämienverbilligung	Субсидия на медицинскую страховку	Субсидія на медичне страхування
finance	debt-enforcement-extract	Debt enforcement register extract	Betreibungsregisterauszug	Выписка из реестра взысканий	Витяг із реєстру стягнень
finance	payment-instalments	Request payment instalments	Ratenzahlung beantragen	Запросить оплату частями	Запросити оплату частинами
finance	emergency-financial-help	Emergency financial assistance	Finanzielle Nothilfe	Экстренная финансовая помощь	Екстрена фінансова допомога
finance	pension-advice	Pension advice	Pensionsberatung	Пенсионная консультация	Пенсійна консультація
family	couples-counselling	Couples counselling	Paarberatung	Консультация для пар	Консультація для пар
family	family-counselling	Family counselling	Familienberatung	Семейная консультация	Сімейна консультація
family	separation-mediation	Separation mediation	Trennungsmediation	Медиация при расставании	Медіація при розставанні
family	parenting-advice	Parenting advice	Erziehungsberatung	Консультация по воспитанию	Консультація з виховання
family	child-maintenance	Child maintenance information	Kindesunterhalt Information	Информация об алиментах на ребёнка	Інформація про аліменти на дитину
family	childcare-search	Find childcare	Kinderbetreuung finden	Поиск ухода за ребёнком	Пошук догляду за дитиною
family	day-family	Childminder placement	Tagesfamilien Vermittlung	Подбор дневной семьи для ребёнка	Підбір денної сімʼї для дитини
family	pregnancy-counselling	Pregnancy counselling	Schwangerschaftsberatung	Консультация по беременности	Консультація щодо вагітності
family	breastfeeding-support	Breastfeeding support	Stillberatung	Помощь с грудным вскармливанием	Допомога з грудним вигодовуванням
family	family-respite	Family respite support	Familienentlastung	Помощь для разгрузки семьи	Допомога для розвантаження сімʼї
health	addiction-counselling	Addiction counselling	Suchtberatung	Консультация по зависимости	Консультація щодо залежності
health	alcohol-counselling	Alcohol counselling	Alkoholberatung	Консультация по алкогольной зависимости	Консультація щодо алкогольної залежності
health	gaming-addiction	Gaming addiction counselling	Gaming-Suchtberatung	Помощь при игровой зависимости	Допомога при ігровій залежності
health	mental-health-help	Mental health support	Psychische Gesundheit Unterstützung	Поддержка психического здоровья	Підтримка психічного здоровʼя
health	crisis-counselling	Crisis counselling	Krisenberatung	Кризисная консультация	Кризова консультація
health	find-family-doctor	Find a family doctor	Hausarzt finden	Поиск семейного врача	Пошук сімейного лікаря
health	medical-interpreter	Medical interpreting	Dolmetschen im Gesundheitswesen	Медицинский переводчик	Медичний перекладач
health	vaccination-appointment	Vaccination appointment	Impftermin	Запись на вакцинацию	Запис на вакцинацію
health	physiotherapy	Physiotherapy	Physiotherapie	Физиотерапия	Фізіотерапія
health	occupational-therapy	Occupational therapy	Ergotherapie	Эрготерапия	Ерготерапія
health	speech-therapy	Speech therapy	Logopädie	Логопедия	Логопедія
health	palliative-support	Palliative support	Palliative Unterstützung	Паллиативная поддержка	Паліативна підтримка
health	cancer-counselling	Cancer counselling	Krebsberatung	Консультация при онкологии	Консультація при онкології
health	stoma-care	Stoma care advice	Stomaberatung	Консультация по уходу за стомой	Консультація з догляду за стомою
health	hearing-assessment	Hearing assessment	Hörtest	Проверка слуха	Перевірка слуху
health	vision-test	Vision test	Sehtest	Проверка зрения	Перевірка зору
health	dental-emergency	Dental emergency service	Zahnärztlicher Notfalldienst	Неотложная стоматология	Невідкладна стоматологія
health	prescription-renewal	Prescription renewal	Rezeptverlängerung	Продление рецепта	Продовження рецепта
health	patient-rights	Patient rights advice	Patientenrechte Beratung	Консультация по правам пациента	Консультація щодо прав пацієнта
health	care-at-home	Home nursing	Pflege zu Hause	Сестринский уход на дому	Сестринський догляд удома
education	german-course	German language course	Deutschkurs	Курс немецкого языка	Курс німецької мови
education	literacy-course	Literacy course	Alphabetisierungskurs	Курс грамотности	Курс грамотності
education	tutoring	School tutoring	Nachhilfe	Помощь с учёбой	Допомога з навчанням
education	adult-education	Adult education	Erwachsenenbildung	Образование для взрослых	Освіта для дорослих
education	study-grant	Study grant application	Stipendium beantragen	Заявка на учебную стипендию	Заявка на навчальну стипендію
education	special-education	Special education support	Sonderpädagogische Unterstützung	Поддержка специального образования	Підтримка спеціальної освіти
education	school-social-work	School social work	Schulsozialarbeit	Школьная социальная работа	Шкільна соціальна робота
education	digital-skills	Digital skills training	Digitale Kompetenzen lernen	Обучение цифровым навыкам	Навчання цифрових навичок
education	music-lessons	Music lessons	Musikunterricht	Уроки музыки	Уроки музики
education	library-membership	Library membership	Bibliotheksmitgliedschaft	Запись в библиотеку	Запис до бібліотеки
transport	public-transport-pass	Public transport season ticket	ÖV-Abonnement	Проездной на общественный транспорт	Проїзний на громадський транспорт
transport	driving-licence-exchange	Driving licence exchange	Führerausweis umtauschen	Обмен водительских прав	Обмін водійських прав
transport	vehicle-registration	Vehicle registration	Fahrzeugzulassung	Регистрация автомобиля	Реєстрація автомобіля
transport	accessible-transport	Accessible transport	Behindertenfahrdienst	Доступный транспорт для инвалидности	Доступний транспорт при інвалідності
transport	bicycle-repair	Bicycle repair	Veloreparatur	Ремонт велосипеда	Ремонт велосипеда
transport	car-sharing	Car sharing	Carsharing	Совместное использование автомобиля	Спільне використання автомобіля
transport	lost-property	Lost property retrieval	Fundbüro Anfrage	Поиск потерянных вещей	Пошук загублених речей
transport	school-transport	School transport	Schülertransport	Школьный транспорт	Шкільний транспорт
transport	cross-border-commuting	Cross-border commuting	Grenzüberschreitendes Pendeln	Приграничные поездки на работу	Прикордонні поїздки на роботу
transport	customs-declaration	Customs declaration	Zollanmeldung	Таможенная декларация	Митна декларація
legal	civil-conciliation	Civil dispute conciliation	Zivilschlichtung	Примирение по гражданским спорам	Примирення у цивільних спорах
legal	legal-aid	Legal aid application	Unentgeltliche Rechtspflege beantragen	Заявка на бесплатную правовую помощь	Заявка на безоплатну правову допомогу
legal	victim-support	Victim support	Opferhilfe	Помощь пострадавшим	Допомога постраждалим
legal	domestic-violence-help	Domestic violence support	Hilfe bei häuslicher Gewalt	Помощь при домашнем насилии	Допомога при домашньому насильстві
legal	residence-permit	Residence permit information	Aufenthaltsbewilligung Information	Информация о разрешении на проживание	Інформація про дозвіл на проживання
legal	family-reunification	Family reunification information	Familiennachzug Information	Информация о воссоединении семьи	Інформація про воззʼєднання сімʼї
legal	naturalisation	Naturalisation information	Einbürgerung Information	Информация о натурализации	Інформація про натуралізацію
legal	administrative-appeal	Administrative appeal information	Verwaltungsrekurs Information	Информация об административной жалобе	Інформація про адміністративну скаргу
legal	consumer-complaint	Consumer complaint advice	Konsumentenbeschwerde Beratung	Консультация по жалобе потребителя	Консультація щодо скарги споживача
legal	data-protection	Data protection request	Datenschutz Auskunftsgesuch	Запрос о защите данных	Запит щодо захисту даних
care	senior-advice	Advice for older people	Altersberatung	Консультация для пожилых	Консультація для літніх людей
care	disability-advice	Disability advice	Behindertenberatung	Консультация по инвалидности	Консультація щодо інвалідності
care	caregiver-support	Support for family carers	Unterstützung pflegender Angehöriger	Поддержка ухаживающих родственников	Підтримка родичів, які доглядають
care	assistive-equipment	Assistive equipment access	Hilfsmittelversorgung	Получение вспомогательных средств	Отримання допоміжних засобів
care	meal-delivery	Meal delivery support	Mahlzeitendienst	Доставка готового питания	Доставка готового харчування
care	advance-directive	Advance healthcare directive	Patientenverfügung	Предварительное медицинское распоряжение	Попереднє медичне розпорядження
care	advance-care-mandate	Advance care mandate	Vorsorgeauftrag	Поручение на случай недееспособности	Доручення на випадок недієздатності
care	bereavement-support	Bereavement support	Trauerbegleitung	Поддержка при утрате	Підтримка при втраті
care	respite-care	Respite care	Entlastungspflege	Временный замещающий уход	Тимчасовий замінний догляд
care	accessible-housing	Accessible housing advice	Barrierefreies Wohnen Beratung	Консультация по доступному жилью	Консультація щодо доступного житла
community	volunteering	Volunteering opportunities	Freiwilligenarbeit finden	Волонтёрские возможности	Волонтерські можливості
community	local-events	Find local events	Lokale Veranstaltungen finden	Поиск местных событий	Пошук місцевих подій
community	culture-discount	Cultural discount access	Kulturvergünstigungen	Культурные скидки	Культурні знижки
community	sports-membership	Sports club membership	Sportverein beitreten	Запись в спортивный клуб	Запис до спортивного клубу
community	toy-library	Toy library borrowing	Ludothek Ausleihe	Прокат игр и игрушек	Прокат ігор та іграшок
community	women-meeting	Women's meeting group	Frauentreff	Встречи для женщин	Зустрічі для жінок
community	men-meeting	Men's meeting group	Männertreff	Встречи для мужчин	Зустрічі для чоловіків
community	senior-meeting	Older people's meeting group	Seniorentreff	Встречи для пожилых	Зустрічі для літніх людей
community	food-assistance	Food assistance	Lebensmittelhilfe	Продовольственная помощь	Продовольча допомога
community	second-hand-goods	Second-hand goods	Gebrauchtwaren	Подержанные товары	Вживані товари
business	start-business	Starting a business advice	Unternehmensgründung Beratung	Консультация по открытию бизнеса	Консультація з відкриття бізнесу
business	commercial-register	Commercial register entry	Handelsregistereintrag	Запись в торговый реестр	Запис до торгового реєстру
business	business-bookkeeping	Business bookkeeping	Geschäftsbuchhaltung	Бухгалтерия бизнеса	Бухгалтерія бізнесу
business	business-premises	Find business premises	Gewerberaum finden	Поиск помещения для бизнеса	Пошук приміщення для бізнесу
business	repair-electronics	Electronics repair	Elektronikreparatur	Ремонт электроники	Ремонт електроніки
business	clothing-alterations	Clothing alterations	Kleideränderungen	Подгонка и ремонт одежды	Підгонка та ремонт одягу
business	key-cutting	Key cutting	Schlüssel nachmachen	Изготовление ключей	Виготовлення ключів
business	appliance-repair	Appliance repair	Haushaltsgerätereparatur	Ремонт бытовой техники	Ремонт побутової техніки
business	printing-service	Printing service	Druckservice	Услуги печати	Послуги друку
business	translation-service	Translation service	Übersetzungsdienst	Услуги перевода	Послуги перекладу
technology	computer-repair	Computer repair	Computerreparatur	Ремонт компьютера	Ремонт компʼютера
technology	phone-screen-repair	Phone screen replacement	Handy-Display ersetzen	Замена экрана телефона	Заміна екрана телефона
technology	data-recovery	Data recovery	Datenrettung	Восстановление данных	Відновлення даних
technology	backup-setup	Backup setup	Datensicherung einrichten	Настройка резервного копирования	Налаштування резервного копіювання
technology	wifi-installation	Wi-Fi installation	WLAN einrichten	Настройка Wi-Fi	Налаштування Wi-Fi
technology	network-cabling	Network cabling installation	Netzwerkverkabelung installieren	Прокладка сетевого кабеля	Прокладання мережевого кабелю
technology	malware-removal	Malware removal	Schadsoftware entfernen	Удаление вредоносных программ	Видалення шкідливих програм
technology	account-recovery	Online account recovery	Online-Konto wiederherstellen	Восстановление доступа к аккаунту	Відновлення доступу до облікового запису
technology	website-development	Website development	Website erstellen lassen	Разработка сайта	Розроблення сайту
technology	printer-installation	Printer installation	Drucker einrichten	Настройка принтера	Налаштування принтера
technology	server-administration	Server administration service	Serveradministration	Администрирование серверов	Адміністрування серверів
technology	business-cybersecurity	Business cybersecurity assessment	IT-Sicherheitsprüfung für Unternehmen	Проверка кибербезопасности бизнеса	Перевірка кібербезпеки бізнесу
technology	video-digitisation	Video cassette digitisation	Videokassetten digitalisieren	Оцифровка видеокассет	Оцифрування відеокасет
technology	photo-scanning	Photo scanning service	Fotos digitalisieren	Сканирование фотографий	Сканування фотографій
technology	accessible-device-setup	Accessible device setup	Barrierefreie Gerätebedienung einrichten	Настройка доступности устройств	Налаштування доступності пристроїв
technology	software-development	Custom software development	Individuelle Softwareentwicklung	Разработка программ на заказ	Розроблення програм на замовлення
technology	3d-printing	3D printing service	3D-Druckservice	Услуги 3D-печати	Послуги 3D-друку
technology	internet-contract	Home internet subscription	Internetanschluss bestellen	Подключение домашнего интернета	Підключення домашнього інтернету
technology	digital-signature	Electronic signature setup	Elektronische Signatur einrichten	Настройка электронной подписи	Налаштування електронного підпису
technology	online-fraud-help	Online fraud assistance	Hilfe bei Online-Betrug	Помощь при интернет-мошенничестве	Допомога при інтернет-шахрайстві
repair	lockout-assistance	Door lockout assistance	Türöffnung bei Aussperrung	Вскрытие двери при потере ключей	Відкриття дверей при втраті ключів
repair	window-repair	Window repair	Fensterreparatur	Ремонт окон	Ремонт вікон
repair	roller-shutter-repair	Roller shutter repair	Rollladenreparatur	Ремонт рольставней	Ремонт ролет
repair	roof-leak-repair	Roof leak repair	Undichtes Dach reparieren	Устранение протечки крыши	Усунення протікання даху
repair	drain-unblocking	Drain unblocking	Abflussreinigung	Прочистка канализации	Прочищення каналізації
repair	electrical-fault	Electrical fault repair	Elektrische Störung beheben	Устранение электрической неисправности	Усунення електричної несправності
repair	furniture-restoration	Furniture restoration	Möbelrestaurierung	Реставрация мебели	Реставрація меблів
repair	upholstery-repair	Furniture upholstery repair	Möbel neu polstern	Перетяжка мебели	Перетягування меблів
repair	shoe-repair	Shoe repair	Schuhreparatur	Ремонт обуви	Ремонт взуття
repair	watch-repair	Watch repair	Uhrenreparatur	Ремонт часов	Ремонт годинників
repair	jewellery-repair	Jewellery repair	Schmuckreparatur	Ремонт ювелирных изделий	Ремонт ювелірних виробів
repair	musical-instrument-repair	Musical instrument repair	Musikinstrumente reparieren	Ремонт музыкальных инструментов	Ремонт музичних інструментів
repair	piano-tuning	Piano tuning	Klavier stimmen	Настройка фортепиано	Налаштування фортепіано
repair	sewing-machine-repair	Sewing machine repair	Nähmaschinenreparatur	Ремонт швейной машины	Ремонт швейної машини
repair	tool-sharpening	Tool sharpening	Werkzeuge schärfen	Заточка инструментов	Заточування інструментів
repair	welding-service	Welding service	Schweissarbeiten	Сварочные работы	Зварювальні роботи
repair	car-body-repair	Car body repair	Karosseriereparatur	Кузовной ремонт автомобиля	Кузовний ремонт автомобіля
repair	windscreen-replacement	Windscreen replacement	Windschutzscheibe ersetzen	Замена лобового стекла	Заміна лобового скла
repair	tyre-fitting	Tyre fitting	Reifenmontage	Шиномонтаж	Шиномонтаж
repair	vehicle-inspection-preparation	Vehicle inspection preparation	Fahrzeug für MFK vorbereiten	Подготовка автомобиля к техосмотру	Підготовка автомобіля до техогляду
home	furniture-assembly	Furniture assembly	Möbelmontage	Сборка мебели	Збирання меблів
home	end-tenancy-cleaning	End of tenancy cleaning	Wohnungsreinigung bei Auszug	Уборка квартиры при выезде	Прибирання квартири при виїзді
home	carpet-cleaning	Carpet cleaning	Teppichreinigung	Чистка ковров	Чищення килимів
home	chimney-cleaning	Chimney cleaning	Kaminreinigung	Чистка дымохода	Чищення димоходу
home	pest-control	Pest control service	Schädlingsbekämpfung	Уничтожение вредителей	Знищення шкідників
home	garden-maintenance	Garden maintenance	Gartenpflege	Уход за садом	Догляд за садом
home	tree-pruning	Tree pruning service	Baumschnitt	Обрезка деревьев	Обрізування дерев
home	snow-clearing	Snow clearing service	Schneeräumung	Уборка снега	Прибирання снігу
home	irrigation-installation	Garden irrigation installation	Gartenbewässerung installieren	Монтаж полива сада	Монтаж поливу саду
home	solar-panel-installation	Solar panel installation	Solaranlage installieren	Установка солнечных панелей	Встановлення сонячних панелей
home	heat-pump-installation	Heat pump installation	Wärmepumpe installieren	Установка теплового насоса	Встановлення теплового насоса
home	building-insulation	Building insulation	Gebäudedämmung	Утепление здания	Утеплення будівлі
home	accessibility-conversion	Home accessibility conversion	Wohnung barrierefrei umbauen	Переоборудование жилья для доступности	Переобладнання житла для доступності
home	water-quality-testing	Drinking water testing	Trinkwasser untersuchen	Анализ питьевой воды	Аналіз питної води
home	radon-testing	Home radon measurement	Radonmessung im Haus	Измерение радона в доме	Вимірювання радону в будинку
animals	veterinary-emergency	Veterinary emergency care	Tierärztlicher Notdienst	Экстренная ветеринарная помощь	Екстрена ветеринарна допомога
animals	pet-vaccination	Pet vaccination	Haustierimpfung	Вакцинация домашних животных	Вакцинація домашніх тварин
animals	pet-passport	Pet passport and travel documents	Heimtierpass und Reisedokumente	Паспорт и документы для поездки с животным	Паспорт і документи для поїздки з твариною
animals	pet-boarding	Pet boarding service	Tierpension buchen	Передержка домашних животных	Перетримка домашніх тварин
animals	pet-sitting	In-home pet sitting	Tierbetreuung zu Hause	Присмотр за животными дома	Догляд за тваринами вдома
animals	dog-training	Dog training classes	Hundetraining	Дрессировка собак	Дресирування собак
animals	pet-grooming	Pet grooming service	Tierpflege und Fellpflege	Стрижка и уход за шерстью животных	Стрижка та догляд за шерстю тварин
animals	animal-adoption	Animal adoption	Tier adoptieren	Усыновление животного	Прилаштування тварини в сімʼю
animals	lost-pet-search	Lost pet search	Vermisstes Haustier suchen	Поиск пропавшего животного	Пошук зниклої тварини
animals	wildlife-rescue	Injured wildlife assistance	Hilfe für verletzte Wildtiere	Помощь раненым диким животным	Допомога пораненим диким тваринам
animals	dog-registration	Dog registration	Hund anmelden	Регистрация собаки	Реєстрація собаки
animals	pet-cremation	Pet cremation service	Tierkremation	Кремация домашнего животного	Кремація домашньої тварини
agriculture	farm-direct-sales	Buy directly from a farm	Direkt beim Bauernhof kaufen	Покупка продуктов у фермеров	Купівля продуктів у фермерів
agriculture	seasonal-picking	Pick your own farm produce	Obst selbst pflücken	Самостоятельный сбор урожая на ферме	Самостійне збирання врожаю на фермі
agriculture	farm-machinery-repair	Farm machinery repair	Landmaschinenreparatur	Ремонт сельхозтехники	Ремонт сільгосптехніки
agriculture	soil-analysis	Agricultural soil analysis	Bodenanalyse Landwirtschaft	Анализ сельскохозяйственной почвы	Аналіз сільськогосподарського ґрунту
agriculture	beekeeping-training	Beekeeping training	Imkerkurs	Обучение пчеловодству	Навчання бджільництва
agriculture	community-garden	Community garden plot	Gemeinschaftsgarten-Parzelle	Участок в общественном саду	Ділянка в громадському саду
agriculture	crop-protection-advice	Crop protection advice	Pflanzenschutzberatung	Консультация по защите растений	Консультація із захисту рослин
environment	bulky-waste-disposal	Bulky waste disposal	Sperrgut entsorgen	Вывоз крупногабаритного мусора	Вивезення великогабаритного сміття
environment	hazardous-waste-disposal	Household hazardous waste disposal	Sonderabfall aus Haushalten entsorgen	Утилизация опасных бытовых отходов	Утилізація небезпечних побутових відходів
environment	electronics-recycling	Electronics recycling	Elektrogeräte recyceln	Утилизация электроники	Утилізація електроніки
environment	garden-waste-disposal	Garden waste disposal	Grünabfall entsorgen	Утилизация садовых отходов	Утилізація садових відходів
environment	composting-help	Home composting advice	Kompostberatung	Консультация по компостированию	Консультація з компостування
environment	noise-complaint	Noise complaint routing	Lärmbeschwerde einreichen	Подача жалобы на шум	Подання скарги на шум
environment	water-pollution-report	Report water pollution	Gewässerverschmutzung melden	Сообщение о загрязнении воды	Повідомлення про забруднення води
environment	flood-preparation	Household flood preparation	Hochwasservorsorge für Haushalte	Подготовка дома к наводнению	Підготовка оселі до повені
environment	invasive-plant-report	Report invasive plants	Invasive Pflanzen melden	Сообщение об инвазивных растениях	Повідомлення про інвазивні рослини
events	venue-hire	Event venue hire	Veranstaltungsraum mieten	Аренда зала для мероприятия	Оренда зали для заходу
events	party-equipment-hire	Party equipment hire	Festausrüstung mieten	Прокат оборудования для праздника	Прокат обладнання для свята
events	event-catering	Event catering service	Catering für Veranstaltungen	Кейтеринг для мероприятий	Кейтеринг для заходів
events	wedding-photography	Wedding photography	Hochzeitsfotografie	Свадебная фотосъёмка	Весільне фотографування
events	event-sound-hire	Event sound equipment hire	Tontechnik für Veranstaltungen mieten	Прокат звука для мероприятий	Прокат звуку для заходів
events	event-permit	Public event permit routing	Veranstaltungsbewilligung beantragen	Оформление разрешения на мероприятие	Оформлення дозволу на захід
events	market-stall	Market stall application	Marktstand anmelden	Заявка на торговое место на рынке	Заявка на торгове місце на ринку
events	birthday-entertainment	Birthday entertainment booking	Unterhaltung für Geburtstag buchen	Заказ развлечений на день рождения	Замовлення розваг на день народження
events	funeral-arrangements	Funeral arrangements	Bestattung organisieren	Организация похорон	Організація похорону
arts	pottery-class	Pottery class	Töpferkurs	Занятия гончарным делом	Заняття гончарством
arts	painting-class	Painting class	Malkurs	Занятия живописью	Заняття живописом
arts	sewing-class	Sewing class	Nähkurs	Обучение шитью	Навчання шиття
arts	photography-class	Photography class	Fotokurs	Обучение фотографии	Навчання фотографії
arts	theatre-group	Amateur theatre participation	Amateurtheater mitmachen	Участие в любительском театре	Участь в аматорському театрі
arts	choir-participation	Choir participation	Im Chor mitsingen	Участие в хоре	Участь у хорі
arts	art-framing	Picture framing service	Bilderrahmung	Обрамление картин	Обрамлення картин
arts	instrument-hire	Musical instrument hire	Musikinstrument mieten	Прокат музыкального инструмента	Прокат музичного інструмента
arts	dance-class-booking	Dance class booking	Tanzkurs buchen	Запись на занятия танцами	Запис на заняття танцями
outdoors	hiking-route	Find a hiking route	Wanderroute finden	Поиск пешеходного маршрута	Пошук пішохідного маршруту
outdoors	cycling-route	Find a cycling route	Veloroute finden	Поиск велосипедного маршрута	Пошук велосипедного маршруту
outdoors	fishing-permit	Fishing permit application	Fischereipatent beantragen	Оформление разрешения на рыбалку	Оформлення дозволу на риболовлю
outdoors	climbing-course	Climbing course	Kletterkurs	Обучение скалолазанию	Навчання скелелазіння
outdoors	swimming-lessons	Swimming lessons	Schwimmunterricht	Уроки плавания	Уроки плавання
outdoors	ski-equipment-hire	Ski equipment hire	Skiausrüstung mieten	Прокат лыжного снаряжения	Прокат лижного спорядження
outdoors	camping-reservation	Campsite reservation	Campingplatz reservieren	Бронирование места в кемпинге	Бронювання місця в кемпінгу
outdoors	guided-nature-tour	Guided nature tour	Geführte Naturexkursion	Экскурсия с природным гидом	Екскурсія з природним гідом
outdoors	barbecue-site	Find a public barbecue site	Öffentliche Grillstelle finden	Поиск общественного места для барбекю	Пошук громадського місця для барбекю
outdoors	boat-hire	Boat hire	Boot mieten	Прокат лодки	Прокат човна
commerce	parcel-collection	Parcel collection service	Paket abholen	Получение посылки	Отримання посилки
commerce	parcel-return	Parcel return service	Paket zurücksenden	Возврат посылки	Повернення посилки
commerce	shoe-fitting	Shoe fitting consultation	Schuhanpassung Beratung	Подбор обуви	Підбір взуття
commerce	prescription-glasses	Prescription glasses fitting	Brille anpassen lassen	Подбор очков по рецепту	Підбір окулярів за рецептом
commerce	dry-cleaning	Dry cleaning service	Chemische Reinigung	Химчистка одежды	Хімчистка одягу
commerce	laundry-service	Laundry service	Wäscheservice	Услуги стирки	Послуги прання
commerce	flower-delivery	Flower delivery	Blumenlieferung	Доставка цветов	Доставка квітів
commerce	cake-order	Custom cake order	Torte bestellen	Заказ торта	Замовлення торта
commerce	food-allergen-enquiry	Food allergen enquiry	Lebensmittelallergene erfragen	Уточнение аллергенов в продуктах	Уточнення алергенів у продуктах
commerce	product-recall	Product recall information	Produktrückruf prüfen	Проверка отзыва товара	Перевірка відкликання товару
commerce	warranty-claim	Product warranty claim	Garantieanspruch anmelden	Обращение по гарантии товара	Звернення за гарантією товару
commerce	mobility-aid-rental	Mobility aid rental	Mobilitätshilfen mieten	Прокат средств передвижения	Прокат засобів пересування
industry	cnc-machining	CNC machining service	CNC-Bearbeitung	Обработка на станках с ЧПУ	Оброблення на верстатах із ЧПК
industry	metal-fabrication	Metal fabrication service	Metallbauarbeiten	Изготовление металлоконструкций	Виготовлення металоконструкцій
industry	laser-cutting	Laser cutting service	Laserschneiden	Лазерная резка	Лазерне різання
industry	powder-coating	Powder coating service	Pulverbeschichtung	Порошковая покраска	Порошкове фарбування
industry	industrial-automation	Industrial automation service	Industrieautomation	Промышленная автоматизация	Промислова автоматизація
industry	measurement-calibration	Measuring instrument calibration	Messgeräte kalibrieren	Калибровка измерительных приборов	Калібрування вимірювальних приладів
industry	prototype-manufacturing	Prototype manufacturing	Prototypenfertigung	Изготовление прототипов	Виготовлення прототипів
industry	packaging-production	Custom packaging production	Verpackungen herstellen lassen	Изготовление упаковки на заказ	Виготовлення паковання на замовлення
industry	warehouse-storage	Commercial warehouse storage	Gewerbliche Lagerung	Складское хранение для бизнеса	Складське зберігання для бізнесу
industry	freight-forwarding	Freight forwarding service	Speditionsdienst	Экспедирование грузов	Експедирування вантажів
business	payroll-service	Payroll administration service	Lohnbuchhaltung	Расчёт заработной платы	Розрахунок заробітної плати
business	business-insurance-advice	Business insurance advice	Unternehmensversicherung Beratung	Консультация по страхованию бизнеса	Консультація зі страхування бізнесу
business	commercial-lease-review	Commercial lease review	Gewerbemietvertrag prüfen	Проверка договора коммерческой аренды	Перевірка договору комерційної оренди
business	trademark-registration	Trademark registration routing	Marke anmelden	Регистрация торговой марки	Реєстрація торговельної марки
business	tender-search	Public tender search	Öffentliche Ausschreibungen finden	Поиск государственных тендеров	Пошук державних тендерів
business	coworking-booking	Coworking desk booking	Coworking-Platz buchen	Бронирование места в коворкинге	Бронювання місця в коворкінгу
business	product-photography	Product photography	Produktfotografie	Предметная фотосъёмка	Предметне фотографування
business	business-succession	Business succession advice	Unternehmensnachfolge Beratung	Консультация по передаче бизнеса	Консультація з передання бізнесу
