source_id,source_url,authority,source_type,trust_level,last_checked,verification_status,geographic_coverage,http_status,verification_scope
s-fe4b32cc3154,https://www.oberriet.ch/aemter,Politische Gemeinde Oberriet,official-web,A,2026-10-01,verified,Oberriet and linked source area,,public-page/search-verification
s-d3c702c7857d,https://www.oberriet.ch/,Politische Gemeinde Oberriet,official-web,A,2026-10-01,verified,Oberriet and linked source area,,public-page/search-verification
s-4ca51bf1799d,https://www.oberriet.ch/dienstleistungen,Politische Gemeinde Oberriet,official-web,A,2026-10-01,verified,Oberriet and linked source area,,public-page/search-verification
s-9517d09b5f47,https://www.oberriet.ch/dienstleistungen/23620,Politische Gemeinde Oberriet,official-web,A,2026-10-01,verified,Oberriet and linked source area,200,page
s-c0a3eec35753,https://www.oberriet.ch/dienstleistungen/23627,Politische Gemeinde Oberriet,official-web,A,2026-10-01,verified,Oberriet and linked source area,0,public-page/search-verification
s-8828e6b4f586,https://www.oberriet.ch/dienstleistungen/23984,Politische Gemeinde Oberriet,official-web,A,2026-10-01,verified,Oberriet and linked source area,200,page
s-04500ce6c246,https://www.oberriet.ch/dienstleistungen/23895,Politische Gemeinde Oberriet,official-web,A,2026-10-01,verified,Oberriet and linked source area,200,page
s-b18baf89154f,https://www.oberriet.ch/bildungschule,Schulgemeinden Oberriet,official-web,A,2026-10-01,verified,Oberriet and linked source area,0,public-page/search-verification
s-5744626b1bf0,https://www.oberriet.ch/aemter/11024,Gemeindeverwaltung Oberriet,official-web,A,2026-10-01,verified,Oberriet and linked source area,200,page
s-a390219cb187,https://www.sg.ch/wirtschaft-arbeit/arbeitslos-arbeit-finden/rav.html,Amt für Wirtschaft und Arbeit,official-web,A,2026-10-01,verified,St. Gallen,,public-page/search-verification
s-3933445f0cd5,https://www.sbb.ch/de,SBB,official-web,B,2026-10-01,verified,Oberriet and linked source area,,public-page/search-verification
s-ec2828f1b69c,https://www.oberriet.ch/natur/23738,Politische Gemeinde Oberriet,official-web,A,2026-10-01,verified,Oberriet and linked source area,200,page
s-64f066c2b9ad,https://www.oberriet.ch/online-schalter/101755/download,Politische Gemeinde Oberriet,official-web,A,2026-10-01,verified,Oberriet and linked source area,,public-page/search-verification
s-ab19baf1d5fb,https://www.oberriet.ch/aktuellesinformationen/2996749,Politische Gemeinde Oberriet,official-web,A,2026-10-01,verified,Oberriet and linked source area,200,page
s-e2f6348f836e,https://www.oberriet.ch/5doerfer1gemeinde,Politische Gemeinde Oberriet,official-web,A,2026-10-01,verified,Oberriet and linked source area,,public-page/search-verification
s-0d0f5ecfa0be,https://www.orschulen.ch/kontakt-227.html,Schulverwaltung Oberriet,official-web,B,2026-10-01,verified,Oberriet and linked source area,,page
s-b2d08a028e1a,https://www.orschulen.ch/kontakt-492.html,Primarschule Montlingen,official-web,B,2026-10-01,verified,Oberriet and linked source area,,page
s-e73e89e19c92,https://www.orschulen.ch/lageplan-443.html,Primarschule Kriessern / Rheinau,official-web,B,2026-10-01,verified,Oberriet and linked source area,,page
s-3e9312ea216d,https://msor.ch/kontakt/,Musikschule Oberrheintal,official-web,B,2026-10-01,verified,Oberriet and linked source area,,page
s-8b8a391a6081,https://www.h-och.ch/ueber-uns/standorte/grabs/,HOCH Health Ostschweiz / Grabs,official-web,B,2026-10-01,verified,Switzerland,,page
s-f89d7f8337ec,https://www.orschulen.ch/primarschule-ekmo/e.html,Schulverwaltung Oberriet,official-web,B,2026-10-01,verified,Oberriet and linked source area,,page
s-ee2be2a96ce1,https://www.orschulen.ch/dazolino-fruehe-foerderung-in-sprache-und-spiel.html,Primarschule Eichenwies,official-web,B,2026-10-01,verified,Oberriet and linked source area,,page
s-824a7763f1a7,https://www.orschulen.ch/tagesstrukturen-ekmo.html,Schulverwaltung Oberriet,official-web,B,2026-10-01,verified,Oberriet and linked source area,,page
s-63fe42e03b1c,https://www.orschulen.ch/ferienplan.html,Oberstufenschulen Oberriet,official-web,B,2026-10-01,verified,Oberriet and linked source area,,page
s-65d8accb3c70,https://www.h-och.ch/notfall/,HOCH Health Ostschweiz,official-web,B,2026-10-01,verified,Switzerland,,page
s-2c4b48c968ec,https://www.oberriet.ch/sehenswuerdigkeiten/7473,Politische Gemeinde Oberriet,official-web,A,2026-10-01,verified,Oberriet and linked source area,,page
s-13a5fda10e18,https://www.oberriet.ch/sehenswuerdigkeiten/7474,Politische Gemeinde Oberriet,official-web,A,2026-10-01,verified,Oberriet and linked source area,,page
s-af377134e28e,https://www.oberriet.ch/sehenswuerdigkeiten/7482,Politische Gemeinde Oberriet,official-web,A,2026-10-01,verified,Oberriet and linked source area,,page
s-15513922949e,https://www.sbb.ch/de/angebote/spartageskarte,SBB,official-web,B,2026-10-01,verified,Oberriet and linked source area,,page
s-d76c812d95f9,https://www.orschulen.ch/ferienplan-se-montlingen.html,Primarschule Montlingen,official-web,B,2026-10-01,verified,Oberriet and linked source area,,page
s-91d1e6f9eb85,https://www.fedlex.admin.ch/eli/cc/2022/491/de,Bundesrecht: DSG,official-web,A,2026-10-01,verified,Oberriet and linked source area,,page
s-49c7b708e0f5,https://www.fedlex.admin.ch/eli/cc/2015/613/de,Bundesrecht: WSchG,official-web,A,2026-10-01,verified,Oberriet and linked source area,,page
s-5ab9ab094977,https://www.gesetzessammlung.sg.ch/app/de/texts_of_law/142.1,Kanton St.Gallen: Datenschutzgesetz,official-web,A,2026-10-01,verified,St. Gallen,,page
s-e06756924d29,https://www.ige.ch/de/etwas-schuetzen/marken/vor-der-anmeldung/schutzvoraussetzungen/eintragungshindernisse/geschuetzte-oeffentliche-zeichen,IGE: Öffentliche Zeichen,official-web,A,2026-10-01,verified,Oberriet and linked source area,,page
s-770bd0a042eb,https://daten.sg.ch/explore/dataset/stationsbasierte-shared-mobility-angebote-im-kanton-stgallen/api/,OpenData St.Gallen: documented API,official-web,A,2026-10-01,verified,St. Gallen,,page
s-00b515049d6a,https://www.svasg.ch/produkte/iv/versicherungsleistungen/integrationsmassnahmen.php,SVA St.Gallen,official-web,A,2026-10-01,verified,St. Gallen,200,routing-metadata
s-010306d7185f,https://www.ch.ch/de/wohnen/miete/larm--mangel--mietzins/,Schweizerische Bundeskanzlei / ch.ch,official-web,A,2026-10-01,verified,Switzerland,200,routing-metadata
s-0267753eca0b,https://www.ch.ch/de/arbeit/eine-stelle-finden/,Schweizerische Bundeskanzlei / ch.ch,official-web,A,2026-10-01,verified,Switzerland,200,routing-metadata
s-0400a75a4199,https://www.ch.ch/de/wohnen/wohneigentum/besteuerung-von-immobilien/,Schweizerische Bundeskanzlei / ch.ch,official-web,A,2026-10-01,verified,Switzerland,200,routing-metadata
s-045baffc2de2,https://www.ch.ch/de/steuern-und-finanzen/steuerarten/hundesteuer/,Schweizerische Bundeskanzlei / ch.ch,official-web,A,2026-10-01,verified,Switzerland,200,routing-metadata
s-0529f212e523,https://www.ch.ch/de/fahrzeuge-und-verkehr/autos-und-andere-fahrzeuge/autobahnvignette/,Schweizerische Bundeskanzlei / ch.ch,official-web,A,2026-10-01,verified,Switzerland,200,routing-metadata
s-05e24a33fa16,https://www.svasg.ch/produkte/ahv/versicherungsleistungen/personen_mit_auslaendischen_versicherungszeiten.php,SVA St.Gallen,official-web,A,2026-10-01,verified,St. Gallen,200,routing-metadata
s-067322b2ef4e,https://www.ch.ch/de/wohnen/umzug/checkliste-fur-den-umzug/,Schweizerische Bundeskanzlei / ch.ch,official-web,A,2026-10-01,verified,Switzerland,200,routing-metadata
s-06c5dcc7baa6,https://www.ch.ch/de/auslander-in-der-schweiz/einreise-in-die-schweiz/asyl/,Schweizerische Bundeskanzlei / ch.ch,official-web,A,2026-10-01,verified,Switzerland,200,routing-metadata
s-07c7e3925550,https://www.ch.ch/de/ausweise-und-dokumente/fuhrerausweis/internationaler-fuhrerausweis/,Schweizerische Bundeskanzlei / ch.ch,official-web,A,2026-10-01,verified,Switzerland,200,routing-metadata
s-09509e3c14a7,https://www.ch.ch/de/fahrzeuge-und-verkehr/verhalten-im-strassenverkehr/verkehrsregeln/alkohol-am-steuer/,Schweizerische Bundeskanzlei / ch.ch,official-web,A,2026-10-01,verified,Switzerland,200,routing-metadata
s-0d23596d0952,https://www.ch.ch/de/familie-und-partnerschaft/heirat--konkubinat--partenariat/heiraten/,Schweizerische Bundeskanzlei / ch.ch,official-web,A,2026-10-01,verified,Switzerland,200,routing-metadata
s-0e54f4434b5b,https://www.svasg.ch/produkte/ahv/versicherungsbeitraege/beitraege_der_selbstaendigerwerbenden.php,SVA St.Gallen,official-web,A,2026-10-01,verified,St. Gallen,200,routing-metadata
s-10efccbfb088,https://www.ch.ch/de/steuern-und-finanzen/schulden--betreibungen-und-konkurs/betreibungen/,Schweizerische Bundeskanzlei / ch.ch,official-web,A,2026-10-01,verified,Switzerland,200,routing-metadata
s-1119f4ac757c,https://www.svasg.ch/produkte/iv/versicherungsleistungen/assistenzbeitrag.php,SVA St.Gallen,official-web,A,2026-10-01,verified,St. Gallen,200,routing-metadata
s-114b60c243fb,https://www.ch.ch/de/arbeit/kundigung-arbeitsvertrag/,Schweizerische Bundeskanzlei / ch.ch,official-web,A,2026-10-01,verified,Switzerland,200,routing-metadata
s-11ace435f19d,https://www.ch.ch/de/ausweise-und-dokumente/aufenthaltsbewilligungen/,Schweizerische Bundeskanzlei / ch.ch,official-web,A,2026-10-01,verified,Switzerland,200,routing-metadata
s-120faec3c1c5,https://www.svasg.ch/produkte/iv/versicherungsleistungen/medizinische_massnahmen.php,SVA St.Gallen,official-web,A,2026-10-01,verified,St. Gallen,200,routing-metadata
s-1390ea5a3a63,https://www.ch.ch/de/schule-und-bildung/hohere-bildung/stipendien-und-ausbildungsdarlehen/,Schweizerische Bundeskanzlei / ch.ch,official-web,A,2026-10-01,verified,Switzerland,200,routing-metadata
s-13dcdd3d9b18,https://www.ch.ch/de/ausweise-und-dokumente/jagd/,Schweizerische Bundeskanzlei / ch.ch,official-web,A,2026-10-01,verified,Switzerland,200,routing-metadata
s-14532c128b5a,https://www.ch.ch/de/fahrzeuge-und-verkehr/autos-und-andere-fahrzeuge/fahrzeugprufung/,Schweizerische Bundeskanzlei / ch.ch,official-web,A,2026-10-01,verified,Switzerland,200,routing-metadata
s-153674b2734b,https://www.ch.ch/de/zoll/waren-im-ausland-bestellen/,Schweizerische Bundeskanzlei / ch.ch,official-web,A,2026-10-01,verified,Switzerland,200,routing-metadata
s-15f29d0541b5,https://www.svasg.ch/produkte/iv/versicherungsleistungen/berufliche_integration.php,SVA St.Gallen,official-web,A,2026-10-01,verified,St. Gallen,200,routing-metadata
s-178b0ea72091,https://www.ch.ch/de/schule-und-bildung/hohere-bildung/anerkennung-auslandischer-diplome-und-abitur/,Schweizerische Bundeskanzlei / ch.ch,official-web,A,2026-10-01,verified,Switzerland,200,routing-metadata
s-17a67b80ac89,https://www.svasg.ch/produkte/ahv/versicherungsbeitraege/beitraege_der_selbstzahlenden.php,SVA St.Gallen,official-web,A,2026-10-01,verified,St. Gallen,200,routing-metadata
s-17ec80d7f4fa,https://www.svasg.ch/produkte/ahv/versicherungsbeitraege/individuelles_konto.php,SVA St.Gallen,official-web,A,2026-10-01,verified,St. Gallen,200,routing-metadata
s-18537e0a53a5,https://www.ch.ch/de/familie-und-partnerschaft/adoption/leibliche-eltern--kinder-oder-geschwister-suchen/,Schweizerische Bundeskanzlei / ch.ch,official-web,A,2026-10-01,verified,Switzerland,200,routing-metadata
s-209e4995d8ed,https://www.ch.ch/de/wohnen/wohneigentum/immobilien-kaufen/checkliste-haus-und-wohnungskauf/,Schweizerische Bundeskanzlei / ch.ch,official-web,A,2026-10-01,verified,Switzerland,200,routing-metadata
s-2191f3a4f53b,https://www.ch.ch/de/familie-und-partnerschaft/mutterschaft-und-vaterschaft/schwangerschaft-und-geburt/schwangerschaft--stillzeit-und-arbeit/,Schweizerische Bundeskanzlei / ch.ch,official-web,A,2026-10-01,verified,Switzerland,200,routing-metadata
s-230f4f845371,https://www.ch.ch/de/ausweise-und-dokumente/fuhrerausweis/fuhrerausweis-umtauschen/,Schweizerische Bundeskanzlei / ch.ch,official-web,A,2026-10-01,verified,Switzerland,200,routing-metadata
s-23258343605e,https://www.ch.ch/de/wohnen/wohneigentum/immobilien-kaufen/kaufvertrag-fur-wohneigentum/,Schweizerische Bundeskanzlei / ch.ch,official-web,A,2026-10-01,verified,Switzerland,200,routing-metadata
s-245b5706ade5,https://www.ch.ch/de/schule-und-bildung/obligatorische-schule/schule-und-kindergarten/,Schweizerische Bundeskanzlei / ch.ch,official-web,A,2026-10-01,verified,Switzerland,200,routing-metadata
s-266338c6e4bc,https://www.ch.ch/de/gesundheit/krankenkasse/leistungen-der-krankenkasse/,Schweizerische Bundeskanzlei / ch.ch,official-web,A,2026-10-01,verified,Switzerland,200,routing-metadata
s-26e2479f8c67,https://www.ch.ch/de/familie-und-partnerschaft/erbschaft/testament-und-erbvertrag/,Schweizerische Bundeskanzlei / ch.ch,official-web,A,2026-10-01,verified,Switzerland,200,routing-metadata
s-26efa3616a88,https://www.ch.ch/de/arbeit/familie-und-arbeit/adoptionsurlaub/,Schweizerische Bundeskanzlei / ch.ch,official-web,A,2026-10-01,verified,Switzerland,200,routing-metadata
s-2b266be04677,https://www.ch.ch/de/familie-und-partnerschaft/mutterschaft-und-vaterschaft/ein-kind-anerkennen/,Schweizerische Bundeskanzlei / ch.ch,official-web,A,2026-10-01,verified,Switzerland,200,routing-metadata
s-2b48f9e546fd,https://www.svasg.ch/produkte/fam/leistungen/1_familienzulagen_arbeitnehmende.php,SVA St.Gallen,official-web,A,2026-10-01,verified,St. Gallen,200,routing-metadata
s-2cd724ef68ba,https://www.ch.ch/de/schule-und-bildung/obligatorische-schule/berufsberatung/,Schweizerische Bundeskanzlei / ch.ch,official-web,A,2026-10-01,verified,Switzerland,200,routing-metadata
s-2e8fbb90cd74,https://www.ch.ch/de/sicherheit-und-recht/militardienst-und-zivildienst/militardienst/,Schweizerische Bundeskanzlei / ch.ch,official-web,A,2026-10-01,verified,Switzerland,200,routing-metadata
s-2ee49e237592,https://www.ch.ch/de/familie-und-partnerschaft/mutterschaft-und-vaterschaft/schwangerschaft-und-geburt/elterliche-sorge-nicht-verheiratete-eltern/,Schweizerische Bundeskanzlei / ch.ch,official-web,A,2026-10-01,verified,Switzerland,200,routing-metadata
s-3047580bfc46,https://www.ch.ch/de/ausweise-und-dokumente/erbschein/,Schweizerische Bundeskanzlei / ch.ch,official-web,A,2026-10-01,verified,Switzerland,200,routing-metadata
s-319187133b2b,https://www.svasg.ch/produkte/iv/versicherungsleistungen/erstmalige-berufliche-ausbildung.php,SVA St.Gallen,official-web,A,2026-10-01,verified,St. Gallen,200,routing-metadata
s-323b9ecc3f5e,https://www.ch.ch/de/sicherheit-und-recht/polizei/fundgegenstande/,Schweizerische Bundeskanzlei / ch.ch,official-web,A,2026-10-01,verified,Switzerland,200,routing-metadata
s-338fe0598d60,https://www.ch.ch/de/arbeit/arbeitsunfahigkeit/,Schweizerische Bundeskanzlei / ch.ch,official-web,A,2026-10-01,verified,Switzerland,200,routing-metadata
s-38ada77a9302,https://www.ch.ch/de/arbeit/invalidenversicherung/,Schweizerische Bundeskanzlei / ch.ch,official-web,A,2026-10-01,verified,Switzerland,200,routing-metadata
s-3a2f2ae27de0,https://www.svasg.ch/produkte/ahv/versicherungsleistungen/hilflosenentschaedigung_und_hilfsmittel.php,SVA St.Gallen,official-web,A,2026-10-01,verified,St. Gallen,200,routing-metadata
s-3a85e03fe69b,https://www.ch.ch/de/sicherheit-und-recht/militardienst-und-zivildienst/wehrpflichtersatzabgabe/,Schweizerische Bundeskanzlei / ch.ch,official-web,A,2026-10-01,verified,Switzerland,200,routing-metadata
s-3afb50143dae,https://www.ch.ch/de/familie-und-partnerschaft/scheidung/folgen-einer-scheidung/,Schweizerische Bundeskanzlei / ch.ch,official-web,A,2026-10-01,verified,Switzerland,200,routing-metadata
s-3bccd40b5544,https://www.ch.ch/de/arbeit/lohnausweis/,Schweizerische Bundeskanzlei / ch.ch,official-web,A,2026-10-01,verified,Switzerland,200,routing-metadata
s-3caf865dc678,https://www.ch.ch/de/auslander-in-der-schweiz/in-der-schweiz-leben/krankenkasse-abschliessen/,Schweizerische Bundeskanzlei / ch.ch,official-web,A,2026-10-01,verified,Switzerland,200,routing-metadata
s-3cd666da6664,https://www.ch.ch/de/auslander-in-der-schweiz/in-der-schweiz-leben/immobilienerwerb/,Schweizerische Bundeskanzlei / ch.ch,official-web,A,2026-10-01,verified,Switzerland,200,routing-metadata
s-3cff1a904bc3,https://www.svasg.ch/produkte/iv/versicherungsleistungen/iv-rente.php,SVA St.Gallen,official-web,A,2026-10-01,verified,St. Gallen,200,routing-metadata
s-3fea7d95842b,https://www.ch.ch/de/arbeit/familie-und-arbeit/schwangerschaft-und-arbeit/,Schweizerische Bundeskanzlei / ch.ch,official-web,A,2026-10-01,verified,Switzerland,200,routing-metadata
s-423875cd7df9,https://www.ch.ch/de/arbeit/altersvorsorge/1-saule--ahv-/ahv-beitrage/,Schweizerische Bundeskanzlei / ch.ch,official-web,A,2026-10-01,verified,Switzerland,200,routing-metadata
s-45b97c3b2087,https://www.ch.ch/de/zoll/einkaufstourismus/,Schweizerische Bundeskanzlei / ch.ch,official-web,A,2026-10-01,verified,Switzerland,200,routing-metadata
s-46aed7f88224,https://www.svasg.ch/produkte/ahv/versicherungsbeitraege/beitraege_der_arbeitgeber.php,SVA St.Gallen,official-web,A,2026-10-01,verified,St. Gallen,200,routing-metadata
s-497d397f39f1,https://www.ch.ch/de/fahrzeuge-und-verkehr/autos-und-andere-fahrzeuge/fahrzeugausweis-verloren/,Schweizerische Bundeskanzlei / ch.ch,official-web,A,2026-10-01,verified,Switzerland,200,routing-metadata
s-4ac87907424a,https://www.ch.ch/de/gesundheit/elektronisches-patientendossier/,Schweizerische Bundeskanzlei / ch.ch,official-web,A,2026-10-01,verified,Switzerland,200,routing-metadata
s-4cd96f898e00,https://www.svasg.ch/produkte/iv/versicherungsleistungen/rework.php,SVA St.Gallen,official-web,A,2026-10-01,verified,St. Gallen,200,routing-metadata
s-538891118cb4,https://www.ch.ch/de/familie-und-partnerschaft/todesfall/wittwenrente/,Schweizerische Bundeskanzlei / ch.ch,official-web,A,2026-10-01,verified,Switzerland,200,routing-metadata
s-54ccc09c9804,https://www.ch.ch/de/familie-und-partnerschaft/mutterschaft-und-vaterschaft/schwangerschaft-und-geburt/geburt-meines-kindes-anmelden/,Schweizerische Bundeskanzlei / ch.ch,official-web,A,2026-10-01,verified,Switzerland,200,routing-metadata
s-555ac700f8ed,https://www.ch.ch/de/ausweise-und-dokumente/zivilstandsdokumente/,Schweizerische Bundeskanzlei / ch.ch,official-web,A,2026-10-01,verified,Switzerland,200,routing-metadata
s-556d040335ee,https://www.ch.ch/de/sicherheit-und-recht/militardienst-und-zivildienst/zivildienst/,Schweizerische Bundeskanzlei / ch.ch,official-web,A,2026-10-01,verified,Switzerland,200,routing-metadata
s-55c3a5b8b992,https://www.ch.ch/de/familie-und-partnerschaft/adoption/adoption/,Schweizerische Bundeskanzlei / ch.ch,official-web,A,2026-10-01,verified,Switzerland,200,routing-metadata
s-56205e01664e,https://www.ch.ch/de/wohnen/wohneigentum/haus-oder-wohnung-verkaufen/,Schweizerische Bundeskanzlei / ch.ch,official-web,A,2026-10-01,verified,Switzerland,200,routing-metadata
s-577024cd9424,https://www.ch.ch/de/arbeit/arbeitsvertrag/,Schweizerische Bundeskanzlei / ch.ch,official-web,A,2026-10-01,verified,Switzerland,200,routing-metadata
s-5b080d39680b,https://www.ch.ch/de/gesundheit/zecken/,Schweizerische Bundeskanzlei / ch.ch,official-web,A,2026-10-01,verified,Switzerland,200,routing-metadata
s-5b31de9fb582,https://www.ch.ch/de/auslander-in-der-schweiz/einreise-in-die-schweiz/reisedokumente/,Schweizerische Bundeskanzlei / ch.ch,official-web,A,2026-10-01,verified,Switzerland,200,routing-metadata
s-5c073aed8ad3,https://www.ch.ch/de/familie-und-partnerschaft/mutterschaft-und-vaterschaft/eine-vaterschaft-anfechten/,Schweizerische Bundeskanzlei / ch.ch,official-web,A,2026-10-01,verified,Switzerland,200,routing-metadata
s-5ca24345339c,https://www.svasg.ch/produkte/iv/versicherungsleistungen/berufsberatung.php,SVA St.Gallen,official-web,A,2026-10-01,verified,St. Gallen,200,routing-metadata
s-5d047ce1cf3b,https://www.ch.ch/de/arbeit/familie-und-arbeit/kinderbetreuung/,Schweizerische Bundeskanzlei / ch.ch,official-web,A,2026-10-01,verified,Switzerland,200,routing-metadata
s-5d21e9290b1f,https://www.ch.ch/de/familie-und-partnerschaft/erbschaft/erbschaftssteuer/,Schweizerische Bundeskanzlei / ch.ch,official-web,A,2026-10-01,verified,Switzerland,200,routing-metadata
s-5f394925b5b1,https://www.ch.ch/de/familie-und-partnerschaft/erbschaft/wer-wie-viel-erbt/,Schweizerische Bundeskanzlei / ch.ch,official-web,A,2026-10-01,verified,Switzerland,200,routing-metadata
s-610283ee4b9c,https://www.svasg.ch/produkte/vse/,SVA St.Gallen,official-web,A,2026-10-01,verified,St. Gallen,200,routing-metadata
s-615062f29990,https://www.ch.ch/de/steuern-und-finanzen/steuererklarung/,Schweizerische Bundeskanzlei / ch.ch,official-web,A,2026-10-01,verified,Switzerland,200,routing-metadata
s-6311e9dc8770,https://www.ch.ch/de/wohnen/wohneigentum/immobilien-kaufen/zweit-oder-ferienwohnung-kaufen/,Schweizerische Bundeskanzlei / ch.ch,official-web,A,2026-10-01,verified,Switzerland,200,routing-metadata
s-6353c6311d9a,https://www.svasg.ch/produkte/adope/,SVA St.Gallen,official-web,A,2026-10-01,verified,St. Gallen,200,routing-metadata
s-649128e83ff4,https://www.svasg.ch/produkte/iv/versicherungsleistungen/hilflosenentschaedigung.php,SVA St.Gallen,official-web,A,2026-10-01,verified,St. Gallen,200,routing-metadata
s-663748e7a46e,https://www.ch.ch/de/schule-und-bildung/lehre-und-matura/,Schweizerische Bundeskanzlei / ch.ch,official-web,A,2026-10-01,verified,Switzerland,200,routing-metadata
s-68377fb28160,https://www.ch.ch/de/arbeit/probezeit/,Schweizerische Bundeskanzlei / ch.ch,official-web,A,2026-10-01,verified,Switzerland,200,routing-metadata
s-687d63a22a6c,https://www.svasg.ch/produkte/ahv/versicherungsleistungen/hinterlassenenrente.php,SVA St.Gallen,official-web,A,2026-10-01,verified,St. Gallen,200,routing-metadata
s-68f7343c3916,https://www.ch.ch/de/sicherheit-und-recht/anzeige-erstatten/,Schweizerische Bundeskanzlei / ch.ch,official-web,A,2026-10-01,verified,Switzerland,200,routing-metadata
s-6ad35f1740bc,https://www.ch.ch/de/reisen-und-auswandern/im-ausland-leben/ruckkehr-in-die-schweiz/,Schweizerische Bundeskanzlei / ch.ch,official-web,A,2026-10-01,verified,Switzerland,200,routing-metadata
s-6b7813042fdc,https://www.ch.ch/de/sicherheit-und-recht/zivilschutz/,Schweizerische Bundeskanzlei / ch.ch,official-web,A,2026-10-01,verified,Switzerland,200,routing-metadata
s-6c09139da160,https://www.svasg.ch/produkte/bue/,SVA St.Gallen,official-web,A,2026-10-01,verified,St. Gallen,200,routing-metadata
s-6c906f81456e,https://www.ch.ch/de/versicherungen/arbeitslosenversicherung/,Schweizerische Bundeskanzlei / ch.ch,official-web,A,2026-10-01,verified,Switzerland,200,routing-metadata
s-6e73292234bc,https://www.ch.ch/de/wohnen/wohneigentum/immobilien-kaufen/infos-uber-bauland-und-grundstuck/,Schweizerische Bundeskanzlei / ch.ch,official-web,A,2026-10-01,verified,Switzerland,200,routing-metadata
s-6e9e9104d59d,https://www.ch.ch/de/arbeit/familie-und-arbeit/familienzulagen/,Schweizerische Bundeskanzlei / ch.ch,official-web,A,2026-10-01,verified,Switzerland,200,routing-metadata
s-723ce5f73453,https://www.ch.ch/de/ausweise-und-dokumente/pass-und-identitatskarte/pass-oder-identitatskarte-bestellen/,Schweizerische Bundeskanzlei / ch.ch,official-web,A,2026-10-01,verified,Switzerland,200,routing-metadata
s-7326fb05016f,https://www.ch.ch/de/arbeit/mindestlohne-und-medianlohn/,Schweizerische Bundeskanzlei / ch.ch,official-web,A,2026-10-01,verified,Switzerland,200,routing-metadata
s-73ee5681d416,https://www.ch.ch/de/steuern-und-finanzen/steuerarten/immobiliensteuer/,Schweizerische Bundeskanzlei / ch.ch,official-web,A,2026-10-01,verified,Switzerland,200,routing-metadata
s-74612791512c,https://www.svasg.ch/produkte/ahv/versicherungsleistungen/altersrente.php,SVA St.Gallen,official-web,A,2026-10-01,verified,St. Gallen,200,routing-metadata
s-75d6a875c112,https://www.svasg.ch/produkte/iv/versicherungsleistungen/umschulung.php,SVA St.Gallen,official-web,A,2026-10-01,verified,St. Gallen,200,routing-metadata
s-77df6c517169,https://www.ch.ch/de/sicherheit-und-recht/drohnen/,Schweizerische Bundeskanzlei / ch.ch,official-web,A,2026-10-01,verified,Switzerland,200,routing-metadata
s-7970c1b33bc5,https://www.ch.ch/de/auslander-in-der-schweiz/einreise-in-die-schweiz/visa/,Schweizerische Bundeskanzlei / ch.ch,official-web,A,2026-10-01,verified,Switzerland,200,routing-metadata
s-798ebbe2cb2f,https://www.ch.ch/de/fahrzeuge-und-verkehr/autos-und-andere-fahrzeuge/fahrzeug-einlosen/,Schweizerische Bundeskanzlei / ch.ch,official-web,A,2026-10-01,verified,Switzerland,200,routing-metadata
s-7af672ad6a2b,https://www.ch.ch/de/ausweise-und-dokumente/betreibungsregisterauszug/,Schweizerische Bundeskanzlei / ch.ch,official-web,A,2026-10-01,verified,Switzerland,200,routing-metadata
s-7e375365a140,https://www.svasg.ch/produkte/ahv/versicherungsbeitraege/versicherungsausweis.php,SVA St.Gallen,official-web,A,2026-10-01,verified,St. Gallen,200,routing-metadata
s-7f5ed4e235ef,https://www.ch.ch/de/auslander-in-der-schweiz/in-der-schweiz-leben/quellensteuer/,Schweizerische Bundeskanzlei / ch.ch,official-web,A,2026-10-01,verified,Switzerland,200,routing-metadata
s-7fcd6aa10584,https://www.svasg.ch/produkte/ahv/versicherungsleistungen/altersrente13.php,SVA St.Gallen,official-web,A,2026-10-01,verified,St. Gallen,200,routing-metadata
s-7fd0fd02a844,https://www.ch.ch/de/gesundheit/medikamente-und-suchtmittel/cannabis/,Schweizerische Bundeskanzlei / ch.ch,official-web,A,2026-10-01,verified,Switzerland,200,routing-metadata
s-8009afdbcf95,https://www.ch.ch/de/steuern-und-finanzen/steuerarten/mehrwertsteuer/,Schweizerische Bundeskanzlei / ch.ch,official-web,A,2026-10-01,verified,Switzerland,200,routing-metadata
s-80dc3cc15a83,https://www.ch.ch/de/arbeit/arbeitszeit/kurzarbeit/,Schweizerische Bundeskanzlei / ch.ch,official-web,A,2026-10-01,verified,Switzerland,200,routing-metadata
s-81ebfa660f91,https://www.svasg.ch/produkte/ahv/3-ebene/auszahlungstermine.php,SVA St.Gallen,official-web,A,2026-10-01,verified,St. Gallen,200,routing-metadata
s-82f37ca65f5f,https://www.ch.ch/de/auslander-in-der-schweiz/einburgerung/,Schweizerische Bundeskanzlei / ch.ch,official-web,A,2026-10-01,verified,Switzerland,200,routing-metadata
s-837d6528f1b4,https://www.ch.ch/de/arbeit/unfallversicherung/,Schweizerische Bundeskanzlei / ch.ch,official-web,A,2026-10-01,verified,Switzerland,200,routing-metadata
s-8424c00974a6,https://www.ch.ch/de/schule-und-bildung/weiterbildung-fur-erwachsene/,Schweizerische Bundeskanzlei / ch.ch,official-web,A,2026-10-01,verified,Switzerland,200,routing-metadata
s-8805a251694c,https://www.svasg.ch/produkte/weitere_dienstleistungen/iv-ausweis/,SVA St.Gallen,official-web,A,2026-10-01,verified,St. Gallen,200,routing-metadata
s-89205f4f88f5,https://www.ch.ch/de/reisen-und-auswandern/im-ausland-leben/befristeter-auslandaufenthalt/,Schweizerische Bundeskanzlei / ch.ch,official-web,A,2026-10-01,verified,Switzerland,200,routing-metadata
s-8a45d0ea8641,https://www.ch.ch/de/arbeit/familie-und-arbeit/vaterschaftsurlaub-bzw-urlaub-des-anderen-elternteils/,Schweizerische Bundeskanzlei / ch.ch,official-web,A,2026-10-01,verified,Switzerland,200,routing-metadata
s-8dc23acf6dae,https://www.ch.ch/de/arbeit/altersvorsorge/wie-funktioniert-die-altersvorsorge/,Schweizerische Bundeskanzlei / ch.ch,official-web,A,2026-10-01,verified,Switzerland,200,routing-metadata
s-8e1d69fe4299,https://www.ch.ch/de/familie-und-partnerschaft/scheidung/scheidungsverfahren/,Schweizerische Bundeskanzlei / ch.ch,official-web,A,2026-10-01,verified,Switzerland,200,routing-metadata
s-8e4f96e27e96,https://www.ch.ch/de/gesundheit/krankenkasse/kosten-fur-krankenkasse/,Schweizerische Bundeskanzlei / ch.ch,official-web,A,2026-10-01,verified,Switzerland,200,routing-metadata
s-8f091555baa8,https://www.ch.ch/de/arbeit/altersvorsorge/2-saule--pensionskasse-/,Schweizerische Bundeskanzlei / ch.ch,official-web,A,2026-10-01,verified,Switzerland,200,routing-metadata
s-909e06ce1d8c,https://www.ch.ch/de/fahrzeuge-und-verkehr/fuhrerausweis/autofahren-lernen/,Schweizerische Bundeskanzlei / ch.ch,official-web,A,2026-10-01,verified,Switzerland,200,routing-metadata
s-953f0ac713a4,https://www.ch.ch/de/pensionierung/pensionierung-ab-wann/,Schweizerische Bundeskanzlei / ch.ch,official-web,A,2026-10-01,verified,Switzerland,200,routing-metadata
s-96e5ba9f8590,https://www.svasg.ch/online-schalter/formulare/web/ak-ipv-anmeldung.php,SVA St.Gallen,official-web,A,2026-10-01,verified,St. Gallen,200,routing-metadata
s-98b116dde612,https://www.svasg.ch/produkte/el/krankheitskosten/,SVA St.Gallen,official-web,A,2026-10-01,verified,St. Gallen,200,routing-metadata
s-99de0c8e2a26,https://www.ch.ch/de/ausweise-und-dokumente/strafregisterauszug/,Schweizerische Bundeskanzlei / ch.ch,official-web,A,2026-10-01,verified,Switzerland,200,routing-metadata
s-9d4ed2ee37ba,https://www.ch.ch/de/ausweise-und-dokumente/pass-und-identitatskarte/pass-oder-identitatskarte-verloren-oder-gestohlen/,Schweizerische Bundeskanzlei / ch.ch,official-web,A,2026-10-01,verified,Switzerland,200,routing-metadata
s-9dcc318c9cfa,https://www.ch.ch/de/fahrzeuge-und-verkehr/verhalten-im-strassenverkehr/verkehrsregeln/geschwindigkeitsuberschreitung/,Schweizerische Bundeskanzlei / ch.ch,official-web,A,2026-10-01,verified,Switzerland,200,routing-metadata
s-9f9baa43d058,https://www.ch.ch/de/arbeit/als-auslander-in-der-schweiz-arbeiten/,Schweizerische Bundeskanzlei / ch.ch,official-web,A,2026-10-01,verified,Switzerland,200,routing-metadata
s-a5e7d6b404f4,https://www.ch.ch/de/steuern-und-finanzen/steuern-zahlen/,Schweizerische Bundeskanzlei / ch.ch,official-web,A,2026-10-01,verified,Switzerland,200,routing-metadata
s-a9f667d637ee,https://www.svasg.ch/produkte/fam/leistungen/4_familienzulagen_landwirtschaft.php,SVA St.Gallen,official-web,A,2026-10-01,verified,St. Gallen,200,routing-metadata
s-aa7acb1b36f5,https://www.ch.ch/de/familie-und-partnerschaft/familiennachzug/,Schweizerische Bundeskanzlei / ch.ch,official-web,A,2026-10-01,verified,Switzerland,200,routing-metadata
s-ab07849e9d67,https://www.svasg.ch/produkte/fam/leistungen/3_familienzulagen_nichterwerbstaetige.php,SVA St.Gallen,official-web,A,2026-10-01,verified,St. Gallen,200,routing-metadata
s-ac21308c15ad,https://www.ch.ch/de/arbeit/arbeitszeit/sonntags-und-nachtarbeit/,Schweizerische Bundeskanzlei / ch.ch,official-web,A,2026-10-01,verified,Switzerland,200,routing-metadata
s-ae8f30f76622,https://www.svasg.ch/produkte/eo/erwerbsersatz.php,SVA St.Gallen,official-web,A,2026-10-01,verified,St. Gallen,200,routing-metadata
s-af89b6885bc5,https://www.ch.ch/de/wohnen/miete/mietvertrag-und-pachtvertrag/,Schweizerische Bundeskanzlei / ch.ch,official-web,A,2026-10-01,verified,Switzerland,200,routing-metadata
s-afab397dacd2,https://www.ch.ch/de/sicherheit-und-recht/gefahren-und-notfalle/,Schweizerische Bundeskanzlei / ch.ch,official-web,A,2026-10-01,verified,Switzerland,200,routing-metadata
s-b3598bf6b3f4,https://www.ch.ch/de/gesundheit/krankenkasse/krankenkasse-abschliessen--wechseln-oder-kundigen/,Schweizerische Bundeskanzlei / ch.ch,official-web,A,2026-10-01,verified,Switzerland,200,routing-metadata
s-b38079bbde72,https://www.ch.ch/de/arbeit/arbeitszeit/ferien--feiertage-und-arbeitsabwesenheiten/,Schweizerische Bundeskanzlei / ch.ch,official-web,A,2026-10-01,verified,Switzerland,200,routing-metadata
s-b3ff70e3f9ad,https://www.ch.ch/de/pensionierung/ruhestand-im-ausland/,Schweizerische Bundeskanzlei / ch.ch,official-web,A,2026-10-01,verified,Switzerland,200,routing-metadata
s-bab17323dce5,https://www.ch.ch/de/reisen-und-auswandern/im-ausland-leben/aus-der-schweiz-auswandern/,Schweizerische Bundeskanzlei / ch.ch,official-web,A,2026-10-01,verified,Switzerland,200,routing-metadata
s-bd023d946dc2,https://www.ch.ch/de/reisen-und-auswandern/im-ausland-leben/im-ausland-arbeiten/,Schweizerische Bundeskanzlei / ch.ch,official-web,A,2026-10-01,verified,Switzerland,200,routing-metadata
s-bd502e9b88f4,https://www.ch.ch/de/versicherungen/privathaftpflichtversicherung/,Schweizerische Bundeskanzlei / ch.ch,official-web,A,2026-10-01,verified,Switzerland,200,routing-metadata
s-bde78f5a3a5e,https://www.ch.ch/de/ausweise-und-dokumente/fahrzeugausweis/,Schweizerische Bundeskanzlei / ch.ch,official-web,A,2026-10-01,verified,Switzerland,200,routing-metadata
s-be7d9abacd3a,https://www.ch.ch/de/familie-und-partnerschaft/heirat--konkubinat--partenariat/konkubinat/,Schweizerische Bundeskanzlei / ch.ch,official-web,A,2026-10-01,verified,Switzerland,200,routing-metadata
s-bfe3d83a5d02,https://www.ch.ch/de/familie-und-partnerschaft/erbschaft/schenkungssteuer/,Schweizerische Bundeskanzlei / ch.ch,official-web,A,2026-10-01,verified,Switzerland,200,routing-metadata
s-c2df76418297,https://www.ch.ch/de/wohnen/wohneigentum/immobilien-kaufen/wohneigentum-finanzieren/,Schweizerische Bundeskanzlei / ch.ch,official-web,A,2026-10-01,verified,Switzerland,200,routing-metadata
s-c3e15af61753,https://www.svasg.ch/online-schalter/erklaervideos/ipv/,SVA St.Gallen,official-web,A,2026-10-01,verified,St. Gallen,200,routing-metadata
s-c75a8082881a,https://www.ch.ch/de/arbeit/arbeitszeit/uberstunden-und-uberzeit/,Schweizerische Bundeskanzlei / ch.ch,official-web,A,2026-10-01,verified,Switzerland,200,routing-metadata
s-cc33f7cb3dc3,https://www.svasg.ch/produkte/iv/versicherungsleistungen/fruehintervention.php,SVA St.Gallen,official-web,A,2026-10-01,verified,St. Gallen,200,routing-metadata
s-cc4806314d0d,https://www.svasg.ch/produkte/ahv/versicherungsbeitraege/internationale_bestimmungen.php,SVA St.Gallen,official-web,A,2026-10-01,verified,St. Gallen,200,routing-metadata
s-cf6692c3606a,https://www.ch.ch/de/sicherheit-und-recht/gefahren-im-internet/,Schweizerische Bundeskanzlei / ch.ch,official-web,A,2026-10-01,verified,Switzerland,200,routing-metadata
s-d17bed9a57cb,https://www.ch.ch/de/familie-und-partnerschaft/erbschaft/erbe-ausschlagen/,Schweizerische Bundeskanzlei / ch.ch,official-web,A,2026-10-01,verified,Switzerland,200,routing-metadata
s-d1d228a68254,https://www.ch.ch/de/sicherheit-und-recht/waren-zuruckgeben-oder-umtauschen/,Schweizerische Bundeskanzlei / ch.ch,official-web,A,2026-10-01,verified,Switzerland,200,routing-metadata
s-d3e0f4448a89,https://www.ch.ch/de/familie-und-partnerschaft/todesfall/todesfall-checkliste/,Schweizerische Bundeskanzlei / ch.ch,official-web,A,2026-10-01,verified,Switzerland,200,routing-metadata
s-d7b36392a37f,https://www.ch.ch/de/arbeit/altersvorsorge/1-saule--ahv-/ahv-nummer/,Schweizerische Bundeskanzlei / ch.ch,official-web,A,2026-10-01,verified,Switzerland,200,routing-metadata
s-d7e7bc647e66,https://www.ch.ch/de/familie-und-partnerschaft/mutterschaft-und-vaterschaft/schwangerschaft-und-geburt/medizinisch-unterstutzte-fortpflanzung/,Schweizerische Bundeskanzlei / ch.ch,official-web,A,2026-10-01,verified,Switzerland,200,routing-metadata
s-d852031e6224,https://www.ch.ch/de/fahrzeuge-und-verkehr/autos-und-andere-fahrzeuge/velofahren-in-der-schweiz/,Schweizerische Bundeskanzlei / ch.ch,official-web,A,2026-10-01,verified,Switzerland,200,routing-metadata
s-da4a8bdffdf4,https://www.ch.ch/de/schule-und-bildung/hohere-bildung/studieren-in-der-schweiz/,Schweizerische Bundeskanzlei / ch.ch,official-web,A,2026-10-01,verified,Switzerland,200,routing-metadata
s-db00b6c704f3,https://www.svasg.ch/produkte/iv/versicherungsleistungen/hilfsmittel.php,SVA St.Gallen,official-web,A,2026-10-01,verified,St. Gallen,200,routing-metadata
s-dc0be991acb0,https://www.ch.ch/de/schule-und-bildung/aufenthalt-in-der-schweiz-ohne-arbeit/,Schweizerische Bundeskanzlei / ch.ch,official-web,A,2026-10-01,verified,Switzerland,200,routing-metadata
s-dd9e0f2251d7,https://www.ch.ch/de/zoll/heikle-waren-bei-der-einfuhr-in-die-schweiz/,Schweizerische Bundeskanzlei / ch.ch,official-web,A,2026-10-01,verified,Switzerland,200,routing-metadata
s-de04dcd9b610,https://www.ch.ch/de/auslander-in-der-schweiz/einreise-in-die-schweiz/aufenthaltsbewilligung/,Schweizerische Bundeskanzlei / ch.ch,official-web,A,2026-10-01,verified,Switzerland,200,routing-metadata
s-e1072cb84bb6,https://www.svasg.ch/produkte/mse/,SVA St.Gallen,official-web,A,2026-10-01,verified,St. Gallen,200,routing-metadata
s-e24e9930dc7f,https://www.ch.ch/de/arbeit/familie-und-arbeit/mutterschaftsurlaub/,Schweizerische Bundeskanzlei / ch.ch,official-web,A,2026-10-01,verified,Switzerland,200,routing-metadata
s-e27af82f6546,https://www.ch.ch/de/zoll/umzug-in-die-schweiz/,Schweizerische Bundeskanzlei / ch.ch,official-web,A,2026-10-01,verified,Switzerland,200,routing-metadata
s-e3f3f84392d7,https://www.svasg.ch/produkte/iv/versicherungsleistungen/frueherfassung.php,SVA St.Gallen,official-web,A,2026-10-01,verified,St. Gallen,200,routing-metadata
s-e43a7fa036a2,https://www.ch.ch/de/arbeit/altersvorsorge/3-saule--private-vorsorge-/,Schweizerische Bundeskanzlei / ch.ch,official-web,A,2026-10-01,verified,Switzerland,200,routing-metadata
s-e5210390a654,https://www.ch.ch/de/sicherheit-und-recht/waffen-besitzen-in-der-schweiz/,Schweizerische Bundeskanzlei / ch.ch,official-web,A,2026-10-01,verified,Switzerland,200,routing-metadata
s-e61e543c2378,https://www.ch.ch/de/steuern-und-finanzen/steuerarten/verrechnungssteuer/,Schweizerische Bundeskanzlei / ch.ch,official-web,A,2026-10-01,verified,Switzerland,200,routing-metadata
s-e71189ebd894,https://www.ch.ch/de/arbeit/probleme-am-arbeitsplatz/,Schweizerische Bundeskanzlei / ch.ch,official-web,A,2026-10-01,verified,Switzerland,200,routing-metadata
s-e83655770b2c,https://www.ch.ch/de/arbeit/arbeitszeugnis/,Schweizerische Bundeskanzlei / ch.ch,official-web,A,2026-10-01,verified,Switzerland,200,routing-metadata
s-e883985a8c4d,https://www.ch.ch/de/ausweise-und-dokumente/ahv-ausweis/,Schweizerische Bundeskanzlei / ch.ch,official-web,A,2026-10-01,verified,Switzerland,200,routing-metadata
s-e9403f6aa3cf,https://www.svasg.ch/online-schalter/formulare/aforms/sva-kontaktformular-allgemein.php,SVA St.Gallen,official-web,A,2026-10-01,verified,St. Gallen,200,routing-metadata
s-e9c2c0a73ee7,https://www.ch.ch/de/ausweise-und-dokumente/patientenverfugung/,Schweizerische Bundeskanzlei / ch.ch,official-web,A,2026-10-01,verified,Switzerland,200,routing-metadata
s-eb3e1044fe8d,https://www.ch.ch/de/pensionierung/rente-berechnen/,Schweizerische Bundeskanzlei / ch.ch,official-web,A,2026-10-01,verified,Switzerland,200,routing-metadata
s-ec016f246d3d,https://www.svasg.ch/produkte/iv/versicherungsleistungen/arbeitsvermittlung.php,SVA St.Gallen,official-web,A,2026-10-01,verified,St. Gallen,200,routing-metadata
s-ec7ff43e55b2,https://www.ch.ch/de/steuern-und-finanzen/schulden--betreibungen-und-konkurs/schulden-und-privatkonkurs/,Schweizerische Bundeskanzlei / ch.ch,official-web,A,2026-10-01,verified,Switzerland,200,routing-metadata
s-eca305e3f2ee,https://www.ch.ch/de/wohnen/wohneigentum/immobilien-kaufen/wohneigentumsformen/,Schweizerische Bundeskanzlei / ch.ch,official-web,A,2026-10-01,verified,Switzerland,200,routing-metadata
s-ef40ed100575,https://www.ch.ch/de/arbeit/arbeitszeit/ruhezeiten-und-arbeitspausen/,Schweizerische Bundeskanzlei / ch.ch,official-web,A,2026-10-01,verified,Switzerland,200,routing-metadata
s-efcdc1a3f8d7,https://www.svasg.ch/produkte/el/jaehrliche_ergaenzungsleistungen/,SVA St.Gallen,official-web,A,2026-10-01,verified,St. Gallen,200,routing-metadata
s-f29739a39c43,https://www.ch.ch/de/fahrzeuge-und-verkehr/verhalten-im-strassenverkehr/verkehrsregeln/winterbereifung/,Schweizerische Bundeskanzlei / ch.ch,official-web,A,2026-10-01,verified,Switzerland,200,routing-metadata
s-f2c1887acce9,https://www.ch.ch/de/arbeit/selbstandigerwerbende/,Schweizerische Bundeskanzlei / ch.ch,official-web,A,2026-10-01,verified,Switzerland,200,routing-metadata
s-f6dd154d923b,https://www.svasg.ch/produkte/ahv/versicherungsbeitraege/beitraege_der_nichterwerbstaetigen.php,SVA St.Gallen,official-web,A,2026-10-01,verified,St. Gallen,200,routing-metadata
s-f75c5ca5a5f2,https://www.ch.ch/de/gesundheit/impfungen/,Schweizerische Bundeskanzlei / ch.ch,official-web,A,2026-10-01,verified,Switzerland,200,routing-metadata
s-f80710df3503,https://www.ch.ch/de/sicherheit-und-recht/behordenadressen/,Schweizerische Bundeskanzlei / ch.ch,official-web,A,2026-10-01,verified,Switzerland,200,routing-metadata
s-f8e16aa75dc3,https://www.ch.ch/de/fahrzeuge-und-verkehr/verhalten-im-strassenverkehr/sicherung-von-kindern-in-autos/,Schweizerische Bundeskanzlei / ch.ch,official-web,A,2026-10-01,verified,Switzerland,200,routing-metadata
s-fe16df0682b8,https://www.ch.ch/de/familie-und-partnerschaft/heirat--konkubinat--partenariat/wirtschaftliche-folgen-der-ehe-guterstand/,Schweizerische Bundeskanzlei / ch.ch,official-web,A,2026-10-01,verified,Switzerland,200,routing-metadata
s-d83bf9f11174,https://www.hallo.sg.ch/de/deutsch-lernen.html,Kanton St.Gallen / Fachstelle Integration,official-web,A,2026-10-01,verified,St. Gallen,200,routing-metadata
s-fa4af2b3b259,https://www.hallo.sg.ch/de/deutsch-lernen/dolmetscher-service.html,Kanton St.Gallen / Fachstelle Integration,official-web,A,2026-10-01,verified,St. Gallen,200,routing-metadata
s-7aada5c3b1db,https://www.hallo.sg.ch/de/arbeit-finanzen/arbeitsstelle.html,Kanton St.Gallen / Fachstelle Integration,official-web,A,2026-10-01,verified,St. Gallen,200,routing-metadata
s-3f9147d34698,https://www.hallo.sg.ch/de/arbeit-finanzen.html,Kanton St.Gallen / Fachstelle Integration,official-web,A,2026-10-01,verified,St. Gallen,200,routing-metadata
s-2b33a17e99dd,https://www.hallo.sg.ch/de/deutsch-lernen/sprachkurse.html,Kanton St.Gallen / Fachstelle Integration,official-web,A,2026-10-01,verified,St. Gallen,200,routing-metadata
s-db7d71af0214,https://www.hallo.sg.ch/de/deutsch-lernen/angebote-begegnen-lernen.html,Kanton St.Gallen / Fachstelle Integration,official-web,A,2026-10-01,verified,St. Gallen,200,routing-metadata
s-20beedc9e816,https://www.hallo.sg.ch/de/ihr-start-in-st-gallen.html,Kanton St.Gallen / Fachstelle Integration,official-web,A,2026-10-01,verified,St. Gallen,200,routing-metadata
s-146b48fd3580,https://www.hallo.sg.ch/de/arbeit-finanzen/arbeitsstelle/arbeitsbewilligung.html,Kanton St.Gallen / Fachstelle Integration,official-web,A,2026-10-01,verified,St. Gallen,200,routing-metadata
s-c51f78c509a4,https://www.hallo.sg.ch/de/arbeit-finanzen/arbeitsstelle/probleme-bei-der-arbeit.html,Kanton St.Gallen / Fachstelle Integration,official-web,A,2026-10-01,verified,St. Gallen,200,routing-metadata
s-3b6e82e1b025,https://www.hallo.sg.ch/de/arbeit-finanzen/arbeitsstelle/selbstaendigkeit.html,Kanton St.Gallen / Fachstelle Integration,official-web,A,2026-10-01,verified,St. Gallen,200,routing-metadata
s-fb72195fa923,https://www.hallo.sg.ch/de/arbeit-finanzen/ausbildung-diplome.html,Kanton St.Gallen / Fachstelle Integration,official-web,A,2026-10-01,verified,St. Gallen,200,routing-metadata
s-dc320d1b6049,https://www.hallo.sg.ch/de/arbeit-finanzen/arbeitsstelle/arbeitssuche.html,Kanton St.Gallen / Fachstelle Integration,official-web,A,2026-10-01,verified,St. Gallen,200,routing-metadata
s-21f2cb89f9d2,https://www.hallo.sg.ch/de/arbeit-finanzen/arbeitsstelle/pensionierung.html,Kanton St.Gallen / Fachstelle Integration,official-web,A,2026-10-01,verified,St. Gallen,200,routing-metadata
s-e942f10f91dd,https://www.hallo.sg.ch/de/arbeit-finanzen/arbeitsstelle/arbeitslosigkeit.html,Kanton St.Gallen / Fachstelle Integration,official-web,A,2026-10-01,verified,St. Gallen,200,routing-metadata
s-c81d153b26a1,https://www.hallo.sg.ch/de/arbeit-finanzen/arbeitsstelle/lohn-arbeitsvertrag.html,Kanton St.Gallen / Fachstelle Integration,official-web,A,2026-10-01,verified,St. Gallen,200,routing-metadata
s-8a0df95b4f14,https://www.hallo.sg.ch/de/arbeit-finanzen/sozialversicherungen.html,Kanton St.Gallen / Fachstelle Integration,official-web,A,2026-10-01,verified,St. Gallen,200,routing-metadata
s-3815cb75a509,https://www.hallo.sg.ch/de/arbeit-finanzen/konto-zahlungsverkehr.html,Kanton St.Gallen / Fachstelle Integration,official-web,A,2026-10-01,verified,St. Gallen,200,routing-metadata
s-94daeebed7be,https://www.hallo.sg.ch/de/schule-bildung.html,Kanton St.Gallen / Fachstelle Integration,official-web,A,2026-10-01,verified,St. Gallen,200,routing-metadata
s-f5111d6c8e9f,https://www.hallo.sg.ch/de/schule-bildung/bildungssystem.html,Kanton St.Gallen / Fachstelle Integration,official-web,A,2026-10-01,verified,St. Gallen,200,routing-metadata
s-a32381688095,https://www.hallo.sg.ch/de/arbeit-finanzen/schulden-budget.html,Kanton St.Gallen / Fachstelle Integration,official-web,A,2026-10-01,verified,St. Gallen,200,routing-metadata
s-55f1246f41a3,https://www.hallo.sg.ch/de/arbeit-finanzen/steuern.html,Kanton St.Gallen / Fachstelle Integration,official-web,A,2026-10-01,verified,St. Gallen,200,routing-metadata
s-135e6ac884a3,https://www.hallo.sg.ch/de/arbeit-finanzen/leben-mit-wenig-geld.html,Kanton St.Gallen / Fachstelle Integration,official-web,A,2026-10-01,verified,St. Gallen,200,routing-metadata
s-e6dea564c810,https://www.hallo.sg.ch/de/schule-bildung/ergaenzende-angebote.html,Kanton St.Gallen / Fachstelle Integration,official-web,A,2026-10-01,verified,St. Gallen,200,routing-metadata
s-4c15df7d5436,https://www.hallo.sg.ch/de/schule-bildung/obligatorische-schule.html,Kanton St.Gallen / Fachstelle Integration,official-web,A,2026-10-01,verified,St. Gallen,200,routing-metadata
s-c1826a4cba59,https://www.hallo.sg.ch/de/schule-bildung/bildungswege.html,Kanton St.Gallen / Fachstelle Integration,official-web,A,2026-10-01,verified,St. Gallen,200,routing-metadata
s-6126cbcaacc0,https://www.hallo.sg.ch/de/zusammenleben.html,Kanton St.Gallen / Fachstelle Integration,official-web,A,2026-10-01,verified,St. Gallen,200,routing-metadata
s-920679155320,https://www.hallo.sg.ch/de/zusammenleben/leben-in-st-gallen.html,Kanton St.Gallen / Fachstelle Integration,official-web,A,2026-10-01,verified,St. Gallen,200,routing-metadata
s-c460509f4ee0,https://www.hallo.sg.ch/de/zusammenleben/leben-in-st-gallen/mitbestimmen-einbuergerung.html,Kanton St.Gallen / Fachstelle Integration,official-web,A,2026-10-01,verified,St. Gallen,200,routing-metadata
s-56dd8b7edf8e,https://www.hallo.sg.ch/de/zusammenleben/leben-in-st-gallen/integrationsvereinbarung.html,Kanton St.Gallen / Fachstelle Integration,official-web,A,2026-10-01,verified,St. Gallen,200,routing-metadata
s-363926797b40,https://www.hallo.sg.ch/de/schule-bildung/anerkennung-internationaler-abschluesse.html,Kanton St.Gallen / Fachstelle Integration,official-web,A,2026-10-01,verified,St. Gallen,200,routing-metadata
s-6c397721f3dd,https://www.hallo.sg.ch/de/zusammenleben/leben-in-st-gallen/alltags-regeln.html,Kanton St.Gallen / Fachstelle Integration,official-web,A,2026-10-01,verified,St. Gallen,200,routing-metadata
s-e7d9c44bde86,https://www.hallo.sg.ch/de/zusammenleben/leben-in-st-gallen/aufenthaltsbewilligung.html,Kanton St.Gallen / Fachstelle Integration,official-web,A,2026-10-01,verified,St. Gallen,200,routing-metadata
s-165be3e428cb,https://www.hallo.sg.ch/de/zusammenleben/wohnen/wohnung-mieten.html,Kanton St.Gallen / Fachstelle Integration,official-web,A,2026-10-01,verified,St. Gallen,200,routing-metadata
s-e44e8ddf5faf,https://www.hallo.sg.ch/de/zusammenleben/leben-in-st-gallen/politisches-system.html,Kanton St.Gallen / Fachstelle Integration,official-web,A,2026-10-01,verified,St. Gallen,200,routing-metadata
s-f80be05fde71,https://www.hallo.sg.ch/de/zusammenleben/wohnen/wohnung-finden.html,Kanton St.Gallen / Fachstelle Integration,official-web,A,2026-10-01,verified,St. Gallen,200,routing-metadata
s-05ca1579195e,https://www.hallo.sg.ch/de/zusammenleben/leben-in-st-gallen/tradition-kultur.html,Kanton St.Gallen / Fachstelle Integration,official-web,A,2026-10-01,verified,St. Gallen,200,routing-metadata
s-c34357df90de,https://www.hallo.sg.ch/de/zusammenleben/wohnen.html,Kanton St.Gallen / Fachstelle Integration,official-web,A,2026-10-01,verified,St. Gallen,200,routing-metadata
s-8cf30bcedae5,https://www.hallo.sg.ch/de/zusammenleben/wohnen/tv-internet-telefon-serafe.html,Kanton St.Gallen / Fachstelle Integration,official-web,A,2026-10-01,verified,St. Gallen,200,routing-metadata
s-28d99b411c19,https://www.hallo.sg.ch/de/zusammenleben/wohnen/abfallentsorgung.html,Kanton St.Gallen / Fachstelle Integration,official-web,A,2026-10-01,verified,St. Gallen,200,routing-metadata
s-76ec90841cab,https://www.hallo.sg.ch/de/zusammenleben/wohnen/hausordnung.html,Kanton St.Gallen / Fachstelle Integration,official-web,A,2026-10-01,verified,St. Gallen,200,routing-metadata
s-8392afb01c15,https://www.hallo.sg.ch/de/zusammenleben/familien/familiennachzug.html,Kanton St.Gallen / Fachstelle Integration,official-web,A,2026-10-01,verified,St. Gallen,200,routing-metadata
s-f9b02de28518,https://www.hallo.sg.ch/de/zusammenleben/familien/heirat-geburt-todesfall.html,Kanton St.Gallen / Fachstelle Integration,official-web,A,2026-10-01,verified,St. Gallen,200,routing-metadata
s-6985c179fbdf,https://www.hallo.sg.ch/de/zusammenleben/wohnen/haustiere.html,Kanton St.Gallen / Fachstelle Integration,official-web,A,2026-10-01,verified,St. Gallen,200,routing-metadata
s-b4b831fcfcc9,https://www.hallo.sg.ch/de/zusammenleben/familien.html,Kanton St.Gallen / Fachstelle Integration,official-web,A,2026-10-01,verified,St. Gallen,200,routing-metadata
s-255c0766ee41,https://www.hallo.sg.ch/de/zusammenleben/wohnen/umzug.html,Kanton St.Gallen / Fachstelle Integration,official-web,A,2026-10-01,verified,St. Gallen,200,routing-metadata
s-adf2802d1c0f,https://www.hallo.sg.ch/de/zusammenleben/familien/jugendliche.html,Kanton St.Gallen / Fachstelle Integration,official-web,A,2026-10-01,verified,St. Gallen,200,routing-metadata
s-5ebc72738f3c,https://www.hallo.sg.ch/de/zusammenleben/familien/partnerschaft.html,Kanton St.Gallen / Fachstelle Integration,official-web,A,2026-10-01,verified,St. Gallen,200,routing-metadata
s-b9213b4737a2,https://www.hallo.sg.ch/de/zusammenleben/familien/kleinkinder.html,Kanton St.Gallen / Fachstelle Integration,official-web,A,2026-10-01,verified,St. Gallen,200,routing-metadata
s-8d2e93eb12b2,https://www.hallo.sg.ch/de/zusammenleben/freizeit/kunst-und-kultur.html,Kanton St.Gallen / Fachstelle Integration,official-web,A,2026-10-01,verified,St. Gallen,200,routing-metadata
s-e5525d2d953e,https://www.hallo.sg.ch/de/zusammenleben/familien/probleme-in-der-familie.html,Kanton St.Gallen / Fachstelle Integration,official-web,A,2026-10-01,verified,St. Gallen,200,routing-metadata
s-7152cf9ce90a,https://www.hallo.sg.ch/de/zusammenleben/familien/kinderbetreuung.html,Kanton St.Gallen / Fachstelle Integration,official-web,A,2026-10-01,verified,St. Gallen,200,routing-metadata
s-915211fc7554,https://www.hallo.sg.ch/de/zusammenleben/freizeit/aktiv-sein.html,Kanton St.Gallen / Fachstelle Integration,official-web,A,2026-10-01,verified,St. Gallen,200,routing-metadata
s-fc62f3cd55d0,https://www.hallo.sg.ch/de/zusammenleben/freizeit.html,Kanton St.Gallen / Fachstelle Integration,official-web,A,2026-10-01,verified,St. Gallen,200,routing-metadata
s-f7028aac785f,https://www.hallo.sg.ch/de/zusammenleben/freizeit/offene-begegnungsangebote.html,Kanton St.Gallen / Fachstelle Integration,official-web,A,2026-10-01,verified,St. Gallen,200,routing-metadata
s-59c1ec16b30e,https://www.hallo.sg.ch/de/zusammenleben/freizeit/bibliotheken-ludotheken.html,Kanton St.Gallen / Fachstelle Integration,official-web,A,2026-10-01,verified,St. Gallen,200,routing-metadata
s-3ff7c458d0d5,https://www.hallo.sg.ch/de/zusammenleben/freizeit/vereine-und-clubs.html,Kanton St.Gallen / Fachstelle Integration,official-web,A,2026-10-01,verified,St. Gallen,200,routing-metadata
s-af3f260a6b71,https://www.hallo.sg.ch/de/gesundheit/medizinische-hilfe.html,Kanton St.Gallen / Fachstelle Integration,official-web,A,2026-10-01,verified,St. Gallen,200,routing-metadata
s-69dc32082063,https://www.hallo.sg.ch/de/gesundheit/krankenversicherung.html,Kanton St.Gallen / Fachstelle Integration,official-web,A,2026-10-01,verified,St. Gallen,200,routing-metadata
s-789f0720d4ac,https://www.hallo.sg.ch/de/gesundheit/gesundheitssystem-in-der-schweiz.html,Kanton St.Gallen / Fachstelle Integration,official-web,A,2026-10-01,verified,St. Gallen,200,routing-metadata
s-a38110583dd8,https://www.hallo.sg.ch/de/gesundheit/schwangerschaft-geburt.html,Kanton St.Gallen / Fachstelle Integration,official-web,A,2026-10-01,verified,St. Gallen,200,routing-metadata
s-3664e84df763,https://www.hallo.sg.ch/de/gesundheit.html,Kanton St.Gallen / Fachstelle Integration,official-web,A,2026-10-01,verified,St. Gallen,200,routing-metadata
s-060c6b72e650,https://www.hallo.sg.ch/de/zusammenleben/religion.html,Kanton St.Gallen / Fachstelle Integration,official-web,A,2026-10-01,verified,St. Gallen,200,routing-metadata
s-714c8b0feedb,https://www.hallo.sg.ch/de/gesundheit/hilfe-im-alter.html,Kanton St.Gallen / Fachstelle Integration,official-web,A,2026-10-01,verified,St. Gallen,200,routing-metadata
s-545628fbd604,https://www.hallo.sg.ch/de/gesundheit/psychische-gesundheit.html,Kanton St.Gallen / Fachstelle Integration,official-web,A,2026-10-01,verified,St. Gallen,200,routing-metadata
s-895fbdaac303,https://www.hallo.sg.ch/de/mobilitaet/fahrrad-zu-fuss.html,Kanton St.Gallen / Fachstelle Integration,official-web,A,2026-10-01,verified,St. Gallen,200,routing-metadata
s-158927158722,https://www.hallo.sg.ch/de/beratung-kontakte.html,Kanton St.Gallen / Fachstelle Integration,official-web,A,2026-10-01,verified,St. Gallen,200,routing-metadata
s-a1db26035582,https://www.hallo.sg.ch/de/beratung-kontakte/offene-fragen-.html,Kanton St.Gallen / Fachstelle Integration,official-web,A,2026-10-01,verified,St. Gallen,200,routing-metadata
s-0602dbfee202,https://www.hallo.sg.ch/de/gesundheit/verstaendigung.html,Kanton St.Gallen / Fachstelle Integration,official-web,A,2026-10-01,verified,St. Gallen,200,routing-metadata
s-7fd31408b630,https://www.hallo.sg.ch/de/mobilitaet.html,Kanton St.Gallen / Fachstelle Integration,official-web,A,2026-10-01,verified,St. Gallen,200,routing-metadata
s-86aa350df49e,https://www.hallo.sg.ch/de/mobilitaet/zug-und-bus.html,Kanton St.Gallen / Fachstelle Integration,official-web,A,2026-10-01,verified,St. Gallen,200,routing-metadata
s-87ede019ef83,https://www.hallo.sg.ch/de/mobilitaet/auto-motorrad.html,Kanton St.Gallen / Fachstelle Integration,official-web,A,2026-10-01,verified,St. Gallen,200,routing-metadata
s-dffb004cd597,https://www.hallo.sg.ch/de/beratung-kontakte/beratungsstellen.html,Kanton St.Gallen / Fachstelle Integration,official-web,A,2026-10-01,verified,St. Gallen,200,routing-metadata
s-ccb59aca292e,https://www.hallo.sg.ch/de/beratung-kontakte/rechtsauskuenfte.html,Kanton St.Gallen / Fachstelle Integration,official-web,A,2026-10-01,verified,St. Gallen,200,routing-metadata
s-eded1ae27588,https://www.hallo.sg.ch/de/beratung-kontakte/fluechtlinge.html,Kanton St.Gallen / Fachstelle Integration,official-web,A,2026-10-01,verified,St. Gallen,200,routing-metadata
s-087f3170b5bc,https://www.hallo.sg.ch/de/beratung-kontakte/behoerden.html,Kanton St.Gallen / Fachstelle Integration,official-web,A,2026-10-01,verified,St. Gallen,200,routing-metadata
s-7940d215304b,https://www.hallo.sg.ch/de/beratung-kontakte/notfaelle.html,Kanton St.Gallen / Fachstelle Integration,official-web,A,2026-10-01,verified,St. Gallen,200,routing-metadata
s-45f1fe1be66e,https://www.hallo.sg.ch/de/beratung-kontakte/kontakte.html,Kanton St.Gallen / Fachstelle Integration,official-web,A,2026-10-01,verified,St. Gallen,200,routing-metadata
